tract_id,risk_score,shap_population,shap_median_income,shap_median_rent,shap_share_college,shap_vacancy_rate,shap_share_pre1940,shap_share_white,shap_share_black,shap_share_hispanic,shap_poverty_rate,shap_rent_burden,shap_jobs_arts,shap_jobs_food,shap_jobs_total,shap_arts_job_share,shap_food_job_share,shap_single_family,shap_multifamily,shap_commercial,shap_industrial,shap_total_permit_count,shap_city_oakland,shap_city_san_jose,shap_delta_population,shap_pct_population,shap_delta_share_25_34,shap_pct_homeownership_rate,shap_delta_vacancy_rate,shap_delta_share_pre1940,shap_delta_share_white,shap_pct_share_white,shap_delta_share_black,shap_delta_share_hispanic,shap_pct_rent_burden,shap_delta_jobs_food,shap_delta_jobs_total,shap_pct_jobs_total,shap_delta_food_density,shap_delta_gentrify_density,shap_delta_arts_job_share,shap_delta_food_job_share,shap_delta_multifamily,shap_delta_civic_other,shap_delta_total_permit_count
06001403100,0.5739,0.05106,-0.03891,-0.11094,-0.15847,0.05495,0.38706,-0.06047,-0.58573,-0.13032,-0.02646,0.04137,-0.38041,-0.07078,-0.07598,-0.14183,-0.1698,0.03143,-0.00712,0.0,0.0,-0.30294,0.0,0.0,-0.43355,-0.97744,0.51233,-0.18553,-0.2479,-0.12167,-0.57467,-0.1979,1.1032,0.49379,0.29704,-0.02922,0.11384,0.07151,-0.18903,0.15752,-0.19033,-0.78063,0.0,0.0,-0.02565
06001406000,0.3166,-0.0835,-0.08754,0.04076,0.05055,-0.09151,0.35516,-0.08282,-0.64776,-0.10057,-0.02646,-0.12149,-0.45786,-0.1256,-0.07598,0.01706,-0.21055,0.02852,-0.0485,0.0,0.0,-0.30294,0.0,0.0,0.17944,0.77457,-0.08894,-0.38709,-0.35957,-0.10287,-0.34923,-0.1979,0.4242,0.25213,-0.99201,-0.02922,0.39834,0.06192,-0.41228,-0.3744,-0.20775,-0.55867,0.0,0.0,-0.02565
06075017700,0.2509,0.02164,-0.02589,-0.08494,-0.01178,-0.00342,-0.36286,-0.0927,0.0166,0.03781,0.0388,-0.0014,-0.42284,-0.03147,-0.07598,-0.09093,-0.17943,0.0383,-0.00712,0.0,0.0,-0.19825,0.0,0.0,0.22486,1.02213,-0.60514,-0.0587,-0.20193,-0.10299,-0.26276,-0.1979,-1.67746,-0.34551,-0.81796,-0.02922,0.36386,0.06192,-0.06778,-0.49883,0.14592,0.21847,0.0,0.0,-0.02565
06001401100,0.2268,-0.11293,-0.05894,-0.03457,-0.15847,-0.09151,-0.32182,-0.07718,-0.63509,-0.10256,0.08744,-0.28516,-0.42284,-0.09464,-0.07598,0.01706,0.14716,0.03143,-0.0485,0.0,0.0,-0.30294,0.0,0.0,0.68761,0.84071,-0.56511,-0.22261,-0.18341,-0.08343,-0.26913,-0.1979,0.41058,-0.37933,-0.93894,-0.02922,-0.55615,-0.01951,-0.12803,0.14912,0.14592,-0.51843,0.0,0.0,-0.02565
06085504505,0.1913,-0.06734,-0.03891,-0.11961,-0.08907,-0.09151,0.22953,-0.07849,-0.37175,-0.15872,-0.91,-0.39876,-0.35532,-0.05151,-0.07598,0.01706,-0.16673,0.02637,-0.0485,0.0,0.0,-0.30294,0.0,0.0,0.66036,0.9312,-0.70413,-0.31468,-0.35957,-0.09694,-0.55286,-0.1979,0.49958,-0.37933,0.26025,-0.02922,0.35315,0.0447,-0.40932,-0.52375,-0.20775,-0.53434,0.0,0.0,-0.02565
06085503210,0.1717,-0.08081,-0.02589,-0.1491,-0.10015,-0.09151,0.40363,-0.09637,-0.37175,0.00102,-0.85518,-0.39876,0.06295,-0.05151,0.05188,0.01706,-0.17407,0.05803,0.037,0.0,0.0,0.13855,0.0,0.0,-0.40505,-0.9522,-0.70828,-0.06331,-0.23133,-0.15107,-0.21755,-0.1979,0.5408,0.22577,0.4711,0.02705,0.35315,0.03963,-0.30535,-0.45562,-0.20775,-0.94367,0.0,0.0,0.03644
06085504320,0.1515,0.05375,-0.03891,-0.1491,-0.00588,-0.04518,0.23569,-0.07041,0.34966,-0.15872,0.05481,0.02601,0.04819,-0.05151,0.05188,0.01706,-0.17943,0.0383,-0.0485,0.0,0.0,-0.30294,0.0,0.0,-0.43355,-1.07876,-0.73359,-0.0462,-0.27198,-0.15107,-0.28488,-0.1979,0.51047,-0.46019,0.23731,0.02705,0.07937,0.07151,-0.31327,-0.45562,-0.20775,-1.00928,0.0,0.0,-0.02565
06001403000,0.1463,0.05106,-0.08754,-0.06724,-0.02181,0.07349,0.34621,-0.07718,-0.57215,-0.07218,-0.25603,-0.21839,0.08514,-0.1256,-0.07598,0.01706,-0.16673,0.02852,-0.0485,0.0,0.0,-0.30294,0.0,0.0,-0.43355,-1.19112,0.55352,-0.38709,-0.2479,-0.12167,-0.54192,0.1659,0.36924,-0.42539,-1.034,-0.02922,0.39834,0.05773,-0.1229,0.09243,0.16335,-0.71,0.0,0.0,-0.02565
06001401300,0.1305,-0.11293,-0.03891,-0.03457,-0.08907,0.05495,-0.34357,-0.06047,-0.45088,-0.10256,-0.79368,0.01447,-0.42284,-0.09464,-0.07598,0.01706,-0.20748,0.02637,-0.0485,0.0,0.0,-0.30294,0.0,0.0,0.17944,0.92907,-0.64137,-0.31468,-0.18341,-0.10287,-0.36838,-0.1979,0.39436,-0.37933,-0.97691,-0.02922,0.35014,0.06192,-0.08453,0.20249,-0.20775,-0.63192,0.0,0.0,-0.02565
06085503804,0.1284,-0.08081,-0.03891,-0.1491,-0.01426,0.00984,0.20022,-0.07849,-0.37175,-0.15872,-0.85518,0.0255,0.05911,-0.04343,-0.07598,0.01706,-0.20748,0.0383,-0.0485,0.0,0.0,-0.30294,0.0,0.0,0.15204,-1.0592,-0.08454,-0.18099,-0.27198,-0.13749,-0.26449,-0.15848,0.42574,-0.46019,0.54126,0.02705,0.04902,0.072,-0.29776,-0.45562,0.14592,-1.05293,0.0,0.0,-0.02565
06075015500,0.115,-0.0835,0.04016,-0.07451,-0.08907,-0.09151,0.30939,-0.06047,-0.36096,-0.09353,0.26883,0.01273,-0.27787,-0.03147,-0.07598,0.01706,0.08548,0.04158,-0.00712,0.0,0.0,-0.23518,0.0,0.0,-0.37634,-1.10378,-0.52171,-0.35176,-0.2479,-0.15107,-0.60591,-0.1979,0.77348,-0.46019,-1.07045,-0.02922,-0.74378,-0.13129,-0.1315,0.1458,-0.20775,0.90552,0.0,0.0,-0.02565
06085503709,0.1084,-0.0835,0.06019,-0.09806,-0.00588,-0.09151,0.21211,-0.07041,-0.35339,-0.10256,0.31869,-0.0014,0.05947,-0.05151,-0.07598,0.01706,-0.17943,0.05803,-0.0485,0.0,0.0,0.13855,0.0,0.0,-0.43355,-1.04004,-0.70828,0.12395,-0.27003,-0.15107,-0.34939,-0.1979,0.4445,0.22577,-1.0627,-0.02922,0.06395,0.05773,-0.45754,-0.43069,-0.20775,-0.55774,0.0,0.0,-0.02565
06085503509,0.0955,-0.08081,-0.02589,-0.1491,-0.10015,-0.09151,0.35061,-0.1007,-0.37175,0.00102,-0.85518,-0.09409,0.06295,-0.05151,0.05188,0.01706,-0.17407,0.05803,-0.0485,0.0,0.0,0.13855,0.0,0.0,-0.43355,-1.05736,-0.71032,-0.06331,-0.23133,-0.13756,-0.2571,-0.1979,0.4804,-0.32578,0.23731,0.02705,0.35315,0.07151,-0.29654,-0.33119,-0.20775,-0.87629,0.0,0.0,-0.02565
06075012100,0.0862,0.02164,0.00677,-0.16855,-0.08468,-0.00342,-1.48549,-0.05766,0.00583,-0.09783,0.27414,-0.1091,-0.27787,-0.03243,-0.07598,-0.07011,0.1965,0.0441,-0.00712,0.0,0.0,-0.1305,0.0,0.0,-0.32999,-0.98085,-0.63445,0.09344,-0.16703,-0.15231,-0.67545,-0.1979,-1.9176,-0.42637,0.37913,-0.02922,0.40557,0.03963,-0.00321,0.15752,0.2521,0.70664,0.0,0.0,-0.02565
06001402600,0.0848,0.04523,-0.03472,-0.04192,-0.00588,-0.09151,-0.23575,-0.05239,-0.63644,-0.04408,-0.20213,0.03481,-0.27706,-0.05151,-0.07598,0.01706,-0.09354,0.0383,-0.0485,0.0,0.0,-0.30294,0.0,0.0,-0.4049,-0.96041,-0.54802,0.16683,-0.28309,-0.03188,-0.62691,-0.1979,0.50954,0.22577,0.54335,-0.02922,-0.49872,-0.13956,-0.44958,0.15752,-0.20775,-0.71636,0.0,0.0,-0.02565
06085503110,0.0776,-0.00235,0.05317,-0.17523,-0.10015,-0.09151,0.24608,-0.1007,-0.35024,0.01642,0.11261,-0.10064,0.04819,-0.05151,-0.01485,0.01706,-0.13508,0.0383,-0.0485,0.0,0.0,-0.30294,0.0,0.0,-0.4229,-0.99864,-0.62039,0.14973,-0.24669,-0.15107,-0.26449,-0.1979,0.43894,-0.46019,0.54014,0.02705,-0.47357,-0.18917,-0.32677,-0.33119,-0.20775,-0.96965,0.0,0.0,-0.02565
06001402700,0.0739,0.05375,0.06019,-0.05913,-0.02181,0.05495,0.35295,-0.08282,-0.57215,-0.10256,0.29224,-0.05646,0.06295,-0.05151,0.05188,0.01706,-0.1698,0.04825,-0.0485,0.0,0.0,0.13855,0.0,0.0,-0.43355,-1.04946,-0.71032,-0.38709,-0.21282,-0.13756,-0.55056,-0.1979,0.37758,0.22577,-1.00833,0.02705,0.08682,0.05773,-0.34694,-0.30627,-0.20775,-0.89301,0.0,0.0,-0.02565
06085503506,0.0698,-0.08081,-0.04592,-0.07193,-0.10015,-0.04518,0.16327,-0.1007,0.325,0.04418,-0.79738,-0.05408,0.04819,0.00331,0.05188,0.01706,-0.13201,0.05803,0.00543,0.0,0.0,0.13855,0.0,0.0,-0.4514,-1.02656,-0.59508,0.14973,-0.29694,-0.15107,-0.28488,-0.1979,1.13285,-0.32578,-0.99636,0.02705,-0.48429,-0.13129,-0.27746,-0.30627,-0.20775,-0.82563,0.0,0.0,0.03644
06001406100,0.0627,-0.08934,0.04411,-0.05577,-0.01426,-0.09151,-1.52122,-0.09379,-0.63509,0.04418,0.17268,-0.2889,-0.28699,-0.05514,-0.07598,-0.08514,-0.21359,0.0383,-0.0485,0.0,0.0,-0.30294,0.0,0.0,0.16159,0.85693,-0.51354,-0.21808,-0.05106,0.00281,-0.32644,-0.1979,0.45645,0.25213,-0.80196,-0.02922,-0.609,-0.04668,-0.46336,0.14912,-0.20775,-0.73096,0.0,0.0,-0.02565
06085504314,0.0582,-0.0835,-0.03891,-0.1491,-0.00588,-0.09151,0.18892,-0.07041,-0.37175,-0.13032,-0.85518,-0.39876,0.05947,0.00331,0.05188,0.01706,-0.17636,0.05803,0.00543,0.0,0.0,0.13855,0.0,0.0,-0.40505,-0.99369,-0.73359,-0.0462,-0.27003,-0.15107,-0.26449,-0.1979,0.63742,-0.42637,0.4711,-0.02922,0.06865,0.03963,-0.49403,-0.45562,-0.20775,-0.64803,0.0,0.0,-0.02565
06075022801,0.0544,-0.0835,-0.02589,-0.11618,-0.00588,-0.09151,0.39011,-0.069,-0.5274,0.03351,-0.79368,-0.3829,-0.34538,-0.09464,-0.07598,-0.14183,-0.17636,0.0383,-0.0485,0.0,0.0,-0.30294,0.0,0.0,-0.43355,-1.10122,-0.60961,-0.0462,-0.26642,-0.15107,-0.36486,-0.1979,0.48661,-0.32578,0.17883,-0.02922,0.35014,0.05845,-0.0601,0.15752,-0.20775,-0.64383,0.0,0.0,-0.02565
06075022600,0.0501,-0.0835,-0.05894,-0.06305,-0.06837,-0.00342,0.19798,-0.06204,-0.02101,-0.10256,-0.68283,-0.14129,-0.39035,-0.06243,-0.07598,-0.09093,-0.13994,0.02521,-0.00712,0.0,0.0,-0.19825,0.0,0.0,0.16159,0.86071,0.46307,-0.27979,-0.26429,-0.10469,-0.29055,-0.1979,-1.83319,-0.31071,-0.62223,-0.02922,-0.72952,-0.11731,-0.11794,0.20249,-0.19033,-0.6843,0.0,0.0,-0.02565
06085503504,0.0495,-0.11293,-0.02589,-0.04976,-0.01568,-0.04518,-0.44939,-0.09806,0.03685,0.03781,-0.79523,-0.28342,0.08514,0.01139,-0.01485,0.01093,-0.18351,0.06096,0.00543,0.0,0.0,0.0644,0.0,0.0,-0.35848,-1.07308,-0.05988,-0.10525,-0.20766,-0.04663,-0.23975,-0.1979,-1.8493,0.20669,-0.95597,-0.02922,0.11357,0.05773,-0.47169,0.09243,0.14592,0.61413,0.0,0.0,-0.02565
06085506103,0.045,-0.0835,-0.03891,-0.12693,-0.0851,0.05618,0.26948,-0.05807,0.02608,-0.12623,-0.85005,-0.3829,-0.3129,0.01139,-0.07598,0.01093,-0.17636,0.02889,-0.00712,0.0,0.0,-0.19825,0.0,0.0,-0.35963,-0.93785,-0.12148,-0.06491,-0.18701,-0.16582,-0.34661,-0.15848,-2.06451,-0.42637,0.4517,-0.02922,0.39806,0.03963,-0.43233,0.15752,-0.20775,0.34755,0.0,0.0,-0.02565
06085503105,0.0438,0.05106,-0.10757,-0.09138,-0.05041,-0.04518,0.28064,-0.08014,0.05079,-0.06314,0.25153,-0.28516,-0.27787,-0.03981,-0.07598,0.01093,-0.09433,0.06096,-0.00712,0.0,0.0,0.0644,0.0,0.0,-0.37634,-1.03646,-0.52128,0.14594,-0.2479,-0.16582,-0.52458,-0.1979,-1.91411,0.20669,-0.87643,-0.02922,-0.67164,-0.13129,-0.06803,0.09243,-0.20775,0.71837,0.0,0.0,-0.02565
06001400900,0.0435,0.02164,-0.05894,-0.10283,-0.00588,0.05495,-0.22977,-0.05239,-0.49308,-0.13032,0.03134,0.03481,0.07423,0.00331,0.05188,0.01706,-0.09661,0.0383,-0.00712,0.0,0.0,-0.19825,0.0,0.0,-0.4229,-0.99777,-0.62199,0.16683,-0.18915,-0.15231,-0.65316,-0.1979,-1.53032,0.49434,0.45437,-0.02922,-0.48401,-0.18917,-0.43027,0.15752,0.14592,-0.73542,0.0,0.0,-0.02565
06001402200,0.0411,0.04523,-0.05894,-0.10283,-0.00588,-0.09151,-0.18939,-0.07475,-0.64867,-0.15872,0.25381,-0.10115,0.07387,-0.04343,0.05188,0.01706,-0.13737,0.0383,-0.0485,0.0,0.0,-0.30294,0.0,0.0,-0.44749,-1.11635,-0.13896,-0.08329,-0.25306,-0.13756,-0.36854,-0.1979,0.49548,-0.46019,0.21052,0.02705,-0.72968,-0.15516,-0.42685,-0.33119,0.14592,-0.87054,0.0,0.0,-0.02565
06085512032,0.0407,-0.00235,-0.05894,-0.11961,-0.08922,-0.04518,0.24009,-0.06204,0.0239,-0.13032,-0.68283,0.03481,-0.35532,0.00331,-0.07598,0.01093,-0.16542,0.04862,-0.00712,0.0,0.0,0.12612,0.0,0.0,-0.4229,0.88594,-0.6158,-0.17898,-0.2292,-0.14471,-0.28653,-0.1979,-1.97341,-0.34551,0.42369,-0.02922,-0.58336,-0.10875,-0.42322,0.21421,-0.20775,-0.80199,0.0,0.0,-0.02565
06085504311,0.0376,-0.06734,-0.03891,-0.07193,-0.08907,-0.04518,0.20293,-0.07849,0.325,-0.10256,-0.91,-0.0014,-0.3129,-0.04343,-0.07598,-0.14183,-0.16673,0.02637,-0.0485,0.0,0.0,-0.30294,0.0,0.0,0.17944,-1.09308,-0.0966,-0.31468,-0.27003,-0.13749,-0.56603,-0.1979,0.40421,-0.46019,-0.99012,-0.02922,0.39806,0.06192,-0.40342,-0.43069,0.14592,-0.67,0.0,0.0,-0.02565
06001409700,0.0372,-0.11293,-0.11375,-0.04192,-0.10015,-0.09151,-1.76904,-0.1007,-0.69447,-6e-05,-0.18122,-0.05243,0.05947,-0.01202,0.05188,0.01024,-0.18629,0.0383,-0.0485,0.0,0.0,-0.30294,0.0,0.0,-0.4229,-0.8464,-0.6951,0.10685,-0.1273,-0.03188,-0.329,-0.1979,0.52418,0.51342,0.46729,-0.02922,0.0189,-0.10875,-0.43913,-0.33119,-0.20775,-0.64152,0.0,0.0,-0.02565
06075018000,0.037,-0.00235,-0.03891,-0.05913,-0.06837,0.05495,0.21096,-0.08006,-0.20142,-0.10256,0.30268,-0.19596,-0.27946,-0.07078,-0.07598,0.01093,-0.13365,0.04494,-0.00712,0.0,0.0,0.12612,0.0,0.0,-0.43355,-0.97063,0.52776,-0.2427,-0.21282,-0.13938,-0.53178,-0.1979,-1.90954,-0.39157,-0.64375,0.02705,0.39016,0.05428,0.23529,-0.43069,-0.19033,-0.80528,0.0,0.0,-0.02565
06075030102,0.035,-0.08081,-0.05894,-0.1491,-0.08,-0.09151,0.15954,-0.07041,-0.35781,-0.13032,0.0999,-0.35524,0.07387,-0.04343,-0.07598,0.01706,-0.13737,-0.25236,-0.0485,0.0,0.0,-0.22691,0.0,0.0,-0.4049,-1.00617,-0.13896,-0.0912,-0.21282,-0.13756,-0.26449,-0.1979,0.43655,-0.46019,0.48192,0.02705,-0.76064,-0.10255,-0.29595,-0.45562,-0.20775,-0.88677,0.0,0.0,-0.02565
06085512034,0.035,0.05106,-0.04592,-0.07193,-0.01426,0.05618,0.19605,-0.07708,0.10096,0.04418,-0.79738,0.01273,0.05947,0.00331,-0.01485,0.01706,-0.16542,0.05803,-0.00712,0.0,0.0,0.13855,0.0,0.0,-0.4514,-1.24935,-0.62039,-0.21808,-0.16173,-0.15107,-0.28488,-0.15848,0.5946,-0.42637,-1.05041,-0.02922,-0.53094,-0.13129,-0.51426,0.1458,-0.20775,-0.58488,0.0,0.0,-0.02565
06001432100,0.0328,-0.03447,-0.01326,-0.03696,-0.08907,-0.09151,-1.39197,-0.06047,-0.51382,-0.09353,-0.60294,-0.10546,0.07039,-0.00393,0.05188,0.01024,0.15291,0.04158,-0.0485,0.0,0.0,-0.23518,0.0,0.0,-0.37634,-1.1216,0.52647,-0.35176,-0.18915,-0.12167,-0.32641,-0.1979,0.41262,-0.42539,-0.9059,-0.02922,-0.68011,-0.12151,-0.40586,0.1458,-0.19033,0.79703,0.0,0.0,-0.02565
06085503111,0.0317,-0.0835,-0.02589,-0.07193,-0.10015,-0.04518,0.16624,-0.1007,0.325,0.02878,-0.85518,-0.12323,0.05947,-0.05151,0.05188,0.01706,-0.17407,0.05803,0.037,0.0,0.0,0.13855,0.0,0.0,-0.4514,-1.06417,-0.73359,-0.06331,-0.28854,-0.15107,-0.28488,-0.1979,0.52832,-0.46019,-1.02474,-0.02922,0.00411,-0.13129,-0.44404,-0.30627,-0.20775,-0.59737,0.0,0.0,0.03644
06085505203,0.0314,-0.11293,0.00677,-0.07511,-0.15008,-0.09151,-1.58237,-0.06911,-0.35339,-0.13096,-0.18124,-0.28717,-0.3129,-0.0688,-0.07598,0.01024,-0.18857,0.05116,-0.00712,0.0,0.0,0.13855,0.0,0.0,-0.43355,-1.08035,0.53283,-0.05074,-0.15259,-0.12167,-0.31428,-0.1979,0.69901,-0.34541,-0.9514,-0.02922,0.40878,0.05773,-0.469,0.09243,-0.19033,-0.57296,0.0,0.0,-0.02565
06085503312,0.0308,-0.03447,-0.00025,-0.08066,-0.00588,-0.09151,-1.48937,-0.08702,-0.5274,0.03351,-0.5594,-0.19934,0.05947,-0.01202,0.05188,0.01024,-0.10576,0.05803,-0.0485,0.0,0.0,0.13855,0.0,0.0,-0.35948,-0.96741,-0.62242,-0.08329,-0.20766,-0.13756,-0.67017,-0.1979,0.5111,-0.46019,0.40215,-0.02922,-0.53395,-0.10255,-0.35314,-0.45562,0.14592,0.3904,0.0,0.0,-0.02565
06085506102,0.0307,-0.0835,-0.03891,-0.04976,-0.1601,-0.04518,0.20777,-0.06204,0.03685,-0.12193,-0.79523,-0.03757,0.05947,0.00331,-0.01485,0.01093,0.17833,0.04664,-0.00712,0.0,0.0,-0.1305,0.0,0.0,-0.37634,-1.17512,-0.75847,-0.14022,-0.12689,-0.16582,-0.23963,-0.1979,-1.74295,-0.42637,-0.89374,-0.02922,0.06123,-0.04109,-0.43199,0.1458,0.14592,0.77162,0.0,0.0,-0.02565
06085503511,0.0307,-0.01088,-0.04592,-0.1491,-0.02943,-0.09151,-0.19805,-0.10296,-0.37175,0.00102,-0.79738,-0.10115,0.06295,0.00331,0.05188,0.01706,-0.14145,0.05803,0.00543,0.0,0.0,0.13855,0.0,0.0,-0.44749,-1.05084,-0.59712,-0.15607,-0.19218,-0.13756,-0.28488,-0.1979,0.62363,-0.34486,0.21445,0.02705,-0.53094,-0.15516,-0.30916,-0.33119,-0.20775,-0.8454,0.0,0.0,-0.02565
06001406800,0.0279,-0.03447,0.00677,-0.12896,-0.15008,-0.07298,-1.49474,-0.07041,-0.5274,-0.15872,-0.6172,-0.24286,0.07039,-0.00393,0.05188,0.01024,-0.14782,0.03143,-0.0485,0.0,0.0,-0.30294,0.0,0.0,-0.40505,-1.01136,-0.035,-0.05074,-0.15259,-0.03188,-0.64238,0.1659,0.52135,-0.32578,0.37294,-0.02922,0.39505,0.03963,-0.3991,-0.45562,-0.20775,-0.64152,0.0,0.0,-0.02565
06085512019,0.0276,-0.0835,-0.02589,-0.04976,-0.01949,-0.04518,0.22399,-0.0914,0.04444,0.05322,-0.01602,-0.28342,0.05947,0.00331,0.05188,0.01093,-0.17943,0.05362,-0.00712,0.0,0.0,0.0644,0.0,0.0,-0.35848,-1.06583,-0.75847,-0.06354,-0.16173,-0.16582,-0.36667,-0.1979,-2.19115,-0.42637,-0.95597,-0.02922,0.07937,0.05773,-0.49782,0.09243,-0.20775,0.71966,0.0,0.0,-0.02565
06075022902,0.0262,0.05106,-0.02589,-0.05913,-0.15008,-0.09151,0.42522,-0.08702,-0.63509,0.04418,0.02836,-0.16866,-0.34538,-0.05151,0.05188,-0.14183,-0.17943,0.03143,-0.0485,0.0,0.0,-0.30294,0.0,0.0,-0.43355,-1.04634,-0.67441,-0.05074,-0.16173,-0.15107,-0.28488,-0.1979,0.38464,-0.32578,-0.88794,-0.02922,0.06893,0.05428,-0.42699,-0.43069,0.14592,-0.68238,0.0,0.0,-0.02565
06075011200,0.0257,0.02164,-0.05894,-0.07451,-0.06391,-0.00342,-0.4257,-0.05774,0.22672,-0.08067,0.09788,0.01273,-0.34538,-0.03981,-0.07598,-0.09093,0.21276,0.04041,-0.00712,0.0,0.0,-0.1305,0.0,0.0,-0.37634,-1.02067,-0.52332,-0.23697,-0.16703,-0.15231,-0.23963,-0.1979,-1.87212,-0.34486,-0.92443,-0.02922,-0.54571,-0.13129,-0.03332,0.1458,-0.20775,0.89377,0.0,0.0,-0.02565
06075016300,0.0236,-0.11293,-0.03891,-0.0617,-0.06713,-0.09151,-0.41921,0.14345,-0.51382,-0.11545,-0.79368,-0.15279,-0.38041,0.01139,0.05188,-0.14183,-0.16673,-0.20017,-0.00712,0.0,0.0,-0.22691,0.0,0.0,-0.38813,-1.07788,-0.09864,-0.2608,-0.16703,-0.13756,-0.57217,-0.1979,0.4688,-0.42637,-0.93365,-0.02922,0.11055,0.05428,-0.19654,0.1458,-0.20775,0.30554,0.0,0.0,-0.02565
06085512029,0.0234,-0.07079,-0.02589,-0.1491,-0.0236,0.05618,0.22585,-0.09667,0.02608,0.01642,-0.79523,0.02601,-0.24457,0.01139,-0.01485,-0.09093,-0.20748,0.0507,-0.00712,0.0,0.0,0.12612,0.0,0.0,-0.40505,-0.92715,-0.09617,-0.14053,-0.29694,-0.16582,-0.23885,-0.15848,-2.20161,-0.34486,0.50625,0.02705,0.39806,0.0527,-0.24887,-0.45562,-0.20775,-0.87256,0.0,0.0,0.03644
06001409400,0.0231,-0.08934,0.06414,-0.12896,-0.10015,-0.09151,-1.57603,-0.1007,-0.5274,0.01642,-0.56238,-0.1104,0.04819,-0.01202,-0.01485,0.01024,-0.18629,0.0383,-0.0485,0.0,0.0,-0.30294,0.0,0.0,-0.40505,-0.96334,-0.68406,0.10685,-0.15356,-0.03188,-0.2367,-0.1979,0.47434,-0.32578,0.45853,0.02705,0.31682,0.0527,-0.31004,-0.33119,-0.20775,-0.83091,0.0,0.0,-0.02565
06085505800,0.0222,-0.03447,-0.01326,-0.15168,-0.0851,-0.04518,-1.41587,0.07949,0.0239,-0.11975,-0.54785,0.0185,-0.27787,-0.03243,-0.07598,0.00843,0.15669,0.05155,0.00543,0.0,0.0,0.0644,0.0,0.0,-0.37634,-1.01295,-0.54863,0.14813,-0.16703,-0.15231,-0.23963,-0.1979,-1.90815,-0.42637,0.12159,-0.02922,-0.56219,-0.08994,-0.01491,0.15752,-0.20775,0.8776,0.0,0.0,0.03644
06085512030,0.0211,0.05106,-0.03891,-0.1491,-0.01949,-0.04518,0.18515,-0.07609,0.02608,-0.13032,-0.79523,0.02601,0.05947,0.00331,0.05188,0.01093,-0.17636,0.03096,-0.00712,0.0,0.0,-0.19825,0.0,0.0,-0.43355,-0.9192,-0.73316,-0.06354,-0.27003,-0.16582,-0.24009,-0.1979,-2.21831,0.49434,0.18854,0.02705,0.35315,0.07151,-0.26919,-0.45562,-0.20775,-0.77643,0.0,0.0,-0.02565
06085502002,0.0207,-0.11293,0.01978,-0.1491,-0.01178,-0.04518,-1.47274,-0.0927,0.28555,0.00102,-0.00477,0.00919,-0.27787,0.00528,-0.01485,-0.07011,-0.22452,0.05803,-0.00712,0.0,0.0,0.12612,0.0,0.0,-0.40505,-0.89413,-0.64767,-0.0587,-0.20766,-0.04663,-0.24749,-0.1979,-1.77383,0.20669,0.42482,-0.02922,0.07937,0.0527,-0.42322,-0.45562,0.2521,-0.67788,0.0,0.0,-0.02565
06085502907,0.0193,-0.00504,-0.03891,-0.1491,-0.15847,-0.09151,0.10927,-0.07849,-0.37175,-0.13032,-0.91,-0.39876,0.07423,-0.05151,0.05188,0.01706,-0.20748,0.03143,-0.0485,0.0,0.0,-0.30294,0.0,0.0,-0.40505,-0.9556,-0.70937,-0.18553,-0.32024,-0.03188,-0.37226,-0.1979,0.46212,-0.46019,0.4711,-0.02922,0.06865,0.03963,-0.42382,-0.45562,-0.20775,-0.72554,0.0,0.0,-0.02565
06085512026,0.0189,-0.00235,-0.04592,-0.1491,-0.01949,-0.04518,0.40938,-0.0927,0.02608,0.00102,-0.79225,0.01894,0.07387,0.01139,-0.01485,0.01093,-0.13429,0.03096,-0.00712,0.0,0.0,-0.19825,0.0,0.0,-0.4229,-0.91443,0.49864,0.14949,-0.23133,-0.13938,-0.3744,-0.1979,-2.13357,-0.39157,0.50249,-0.02922,-0.60497,-0.18917,-0.42685,-0.45562,0.16335,-1.00469,0.0,0.0,-0.02565
06075022702,0.0183,0.02164,-0.03891,-0.07769,-0.06805,-0.04518,-0.44642,-0.06204,0.02293,-0.09353,-0.79523,-0.14129,-0.38041,0.01139,-0.01485,-0.09093,-0.20748,-0.3229,-0.00712,0.0,0.0,-0.10178,0.0,0.0,-0.37634,-0.99273,0.52777,-0.14435,-0.16703,-0.13642,-0.2589,-0.1979,-1.86308,-0.39157,-0.78251,-0.02922,0.04902,-0.04109,-0.10118,0.1458,-0.19033,0.6366,0.0,0.0,-0.02565
06075022903,0.0178,0.02164,-0.03891,-0.15403,-0.00588,-0.09151,-0.34825,-0.05239,-0.00933,-0.15872,-0.91,-0.09279,-0.38041,0.01139,-0.01485,-0.09093,-0.17636,0.0383,-0.00712,0.0,0.0,-0.19825,0.0,0.0,-0.43355,-1.09382,-0.09821,0.12395,-0.15381,-0.15231,-0.37565,-0.1979,-1.67904,0.20669,0.19074,-0.02922,0.08025,0.05845,-0.13286,0.15752,-0.20775,-0.78713,0.0,0.0,-0.02565
06075016400,0.0173,-0.00504,-0.05894,-0.0617,-0.16289,0.05495,0.17634,-0.22932,-0.35822,-0.11545,-0.67593,-0.0018,0.05947,-0.03981,-0.07598,0.01093,0.16173,0.04664,-0.00712,0.0,0.0,-0.1305,0.0,0.0,-0.37634,-1.09224,-0.55516,-0.14691,-0.2479,-0.16582,-0.32574,-0.1979,-1.58019,-0.34486,-0.9052,-0.02922,-0.55944,-0.13129,-0.03572,0.09308,-0.20775,1.01323,0.0,0.0,-0.02565
06085500200,0.0173,-0.08934,0.01978,-0.05913,-0.02181,0.05495,-1.52631,-0.09943,-0.57215,0.02878,-0.08112,-0.12524,0.04819,-0.01202,-0.07598,0.01024,-0.21489,0.04825,-0.0485,0.0,0.0,0.13855,0.0,0.0,-0.43355,-1.01324,-0.68406,-0.38709,-0.19218,-0.03188,-0.54688,-0.1979,0.40286,0.22577,-0.87135,-0.02922,0.35342,0.05773,-0.33021,-0.30627,0.14592,-0.79474,0.0,0.0,-0.02565
06001407300,0.016,0.05375,0.07321,-0.10283,-0.05812,-0.09151,0.15412,-0.10239,-0.53403,0.00102,0.01234,-0.09409,-0.27706,0.00331,-0.07598,0.01093,-0.17715,0.03096,-0.00712,0.0,0.0,-0.19825,0.0,0.0,-0.43355,-0.93011,-0.70133,0.09822,-0.23133,-0.15231,-0.24009,-0.1979,-2.1047,0.20669,0.18462,0.02705,0.32011,0.07151,-0.275,-0.33119,-0.20775,-1.01245,0.0,0.0,-0.02565
06001406201,0.0158,-0.08081,0.07321,-0.08525,-0.05812,-0.07298,0.4134,-0.07701,-0.52045,0.04418,0.27622,0.00098,0.06295,0.00331,0.05188,0.01093,-0.10024,0.03096,-0.00712,0.0,0.0,-0.19825,0.0,0.0,-0.4514,-1.1242,-0.75847,-0.07194,-0.24669,-0.21532,0.01731,0.1659,-1.87882,-0.40779,-0.74796,0.02705,0.07008,-0.05087,0.21022,-0.43069,-0.20775,-0.96987,0.0,0.0,-0.02565
06075010300,0.0158,-0.03447,-0.03891,-0.07451,-0.0859,-0.00342,-0.44912,0.14584,-0.00491,-0.11545,-0.85005,-0.15279,-0.34538,0.00331,0.05188,-0.09093,0.14777,-0.34911,-0.00712,0.0,0.0,-0.10178,0.0,0.0,-0.35848,-1.07788,-0.68969,-0.06661,-0.16703,-0.15231,-0.60156,-0.1979,-1.65299,-0.42637,-0.75244,-0.02922,0.41028,0.05428,-0.02991,0.1458,-0.20775,0.85527,0.0,0.0,-0.02565
06001401500,0.0158,0.02164,0.05112,0.02085,-0.00588,-0.09151,-1.79916,-0.07041,-0.69447,-0.15872,0.23758,0.00919,0.05947,-0.01202,-0.01485,0.01024,-0.18377,0.0383,-0.0485,0.0,0.0,-0.30294,0.0,0.0,-0.40505,-1.01357,-0.70937,0.12395,-0.29857,-0.03188,-0.64606,-0.1979,0.52075,-0.46019,0.427,-0.02922,0.05351,0.0527,-0.44377,-0.45562,-0.20775,-0.6449,0.0,0.0,-0.02565
06075026001,0.0157,-0.11293,-0.00025,-0.07451,-0.02181,-0.09151,-1.44292,-0.07708,-0.3749,0.03781,-0.67572,0.00899,0.05947,-0.01202,-0.01485,0.01024,-0.17764,0.02852,-0.0485,0.0,0.0,-0.30294,0.0,0.0,-0.40598,-0.98626,-0.59712,-0.42418,-0.18554,-0.13756,-0.3735,-0.1979,0.40465,0.51342,-0.97504,-0.02922,-0.53094,-0.13129,-0.16485,0.1458,-0.20775,0.25849,0.0,0.0,-0.02565
06001402500,0.0156,0.04523,-0.03472,-0.04192,-0.02566,-0.07298,-0.2482,-0.06604,-0.57983,-0.09994,-0.21424,-0.03561,0.06295,0.00331,0.05188,0.01093,-0.10069,0.02621,-0.00712,0.0,0.0,-0.19825,0.0,0.0,-0.4514,-0.90255,-0.60677,-0.2711,-0.17367,-0.04663,0.48978,0.1659,-2.01365,0.18695,0.22382,0.02705,-0.46627,-0.17035,-0.33141,-0.33119,-0.20775,-0.9139,0.0,0.0,-0.02565
06085500800,0.0154,-0.0835,-0.05894,-0.10776,-0.06837,0.05495,0.24357,-0.06204,-0.33307,-0.13032,-0.60436,0.03481,-0.3129,-0.06243,-0.07598,-0.09093,-0.16542,0.04494,-0.00712,0.0,0.0,0.12612,0.0,0.0,-0.4229,-1.06849,0.42576,-0.27979,-0.2479,-0.13938,-0.26664,-0.1979,-1.88982,-0.36449,0.50953,-0.02922,-0.68812,-0.10875,-0.11417,0.15752,-0.19033,-0.754,0.0,0.0,-0.02565
06001401700,0.0152,-0.01088,0.00677,-0.05913,-0.08907,0.05495,-1.66652,-0.07849,-0.57215,-0.10256,0.23758,-0.00515,0.04819,0.00528,-0.07598,0.01024,-0.21489,0.0461,-0.00712,0.0,0.0,0.13855,0.0,0.0,-0.43355,-1.038,-0.68406,-0.31468,-0.17367,-0.03188,-0.54192,-0.1979,0.95716,-0.32578,-0.87135,-0.02922,0.37132,0.05773,-0.31549,-0.43069,-0.20775,-0.79474,0.0,0.0,-0.02565
06085512022,0.0147,-0.08081,0.07321,-0.07193,-0.05041,-0.04518,0.16689,-0.10239,0.2824,0.02878,0.2762,-0.11738,0.04819,0.00331,0.05188,0.01093,-0.17715,0.05803,-0.00712,0.0,0.0,0.12612,0.0,0.0,-0.43355,-1.08154,-0.75847,-0.0671,-0.23133,-0.16582,-0.34421,-0.1979,-1.86616,-0.42637,-0.84031,0.02705,0.09726,0.05773,-0.29219,-0.30627,-0.20775,-0.87652,0.0,0.0,0.03644
06085512021,0.0146,-0.08081,-0.05894,-0.1491,-0.01949,-0.04518,0.17038,-0.08043,0.25012,-0.13032,-0.73743,-0.10064,0.05911,0.01139,0.05188,0.01093,-0.13429,0.0507,0.00543,0.0,0.0,0.12612,0.0,0.0,-0.4229,-0.92085,-0.13649,-0.10063,-0.21282,-0.16582,-0.24749,-0.1979,-2.3078,0.20669,0.49137,0.02705,-0.65162,-0.18917,-0.28714,-0.33119,-0.20775,-0.92717,0.0,0.0,-0.02565
06075021300,0.0143,0.05106,-0.03891,-0.07451,-0.09065,0.05495,0.32444,-0.26414,-0.19732,-0.11545,-0.85005,-0.15583,0.08514,0.01139,0.05188,0.01093,-0.13332,0.02889,-0.00712,0.0,0.0,-0.19825,0.0,0.0,-0.40598,-1.05293,-0.08614,-0.07329,-0.27003,-0.15231,-0.57431,-0.1979,-1.78906,-0.34486,-0.74094,-0.02922,0.04902,-0.12151,-0.35111,0.09308,-0.20775,0.36111,0.0,0.0,-0.02565
06085506304,0.0142,-0.08081,-0.02589,-0.07193,-0.01426,-0.04518,0.16327,-0.0951,0.325,0.02878,-0.91,-0.0014,0.04819,0.00331,-0.07598,0.01706,-0.16673,0.0383,-0.00712,0.0,0.0,-0.30294,0.0,0.0,-0.43355,-1.09003,-0.73359,-0.18099,-0.23133,-0.15107,-0.56603,-0.1979,0.55441,-0.42637,-1.02113,-0.02922,0.35315,0.05773,-0.52952,-0.43069,-0.20775,-0.97053,0.0,0.0,-0.02565
06001408100,0.0141,-0.02975,-0.03891,-0.10283,-0.15008,-0.09151,-0.31537,-0.07041,-0.5274,-0.15872,-0.79368,-0.39876,-0.34538,-0.05151,-0.07598,-0.14183,-0.1356,0.03143,-0.0485,0.0,0.0,-0.30294,0.0,0.0,0.15204,-1.04411,-0.70176,-0.05074,-0.17594,-0.12398,-0.64238,-0.1979,0.41711,-0.46019,0.38712,-0.02922,0.35014,0.05894,-0.28023,-0.45562,-0.20775,-0.66753,0.0,0.0,-0.02565
06075010600,0.0139,0.02164,0.03109,-0.07451,-0.00588,0.05495,-1.64862,-0.06911,-0.29802,-0.09353,0.00545,-0.22387,-0.27787,-0.03243,-0.07598,-0.08514,0.14498,0.0383,-0.00712,0.0,0.0,-0.30294,0.0,0.0,-0.40598,-1.06051,-0.52375,0.16683,-0.16703,-0.13756,-0.67699,-0.1979,0.64859,-0.46019,-0.93347,-0.02922,-0.6188,-0.13129,-0.1315,0.09243,-0.20775,0.23851,0.0,0.0,-0.02565
06075030201,0.0137,-0.03447,-0.01326,-0.07451,-0.06805,-0.02664,-1.46988,0.01603,0.04444,-0.09353,-0.00179,0.00899,0.05947,0.00528,0.05188,0.00843,-0.17283,-0.3229,-0.00712,0.0,0.0,-0.10178,0.0,0.0,-0.37634,-1.05698,-0.58409,-0.18143,-0.16703,-0.04663,0.00904,0.1659,-1.71915,-0.40779,-0.73945,-0.02922,-0.49526,-0.13129,-0.09155,0.1458,-0.20775,0.65658,0.0,0.0,-0.02565
06085503003,0.0136,-0.0835,-0.05894,-0.12693,-0.0851,-0.04518,0.2477,-0.00105,0.02608,-0.09783,-0.73743,-0.33938,-0.27787,0.00331,-0.07598,-0.09093,-0.13429,0.04862,-0.00712,0.0,0.0,0.12612,0.0,0.0,-0.37749,-0.96425,-0.61139,-0.10199,-0.27003,-0.16582,-0.26664,-0.1979,-2.04585,-0.42637,0.44719,-0.02922,-0.53094,-0.15216,-0.47519,0.15752,-0.20775,0.41258,0.0,0.0,0.03644
06001405800,0.0133,-0.08934,-0.08754,-0.08525,-0.10015,-0.09151,-0.24673,-0.08409,-0.63509,-0.10057,-0.25603,-0.05819,0.07387,-0.04343,0.05188,0.01706,-0.17407,0.0383,-0.0485,0.0,0.0,-0.30294,0.0,0.0,-0.4514,-1.12407,-0.06127,0.10685,-0.25306,-0.13756,-0.36854,-0.1979,0.34777,-0.32578,-1.01193,0.02705,0.01598,-0.13129,-0.32968,-0.30627,-0.20775,-0.84764,0.0,0.0,-0.02565
06075023400,0.0128,-0.01088,-0.12139,0.01127,-0.03936,-0.09151,-0.26002,-0.09863,-0.64776,0.0277,-0.2825,-0.0014,-0.27706,-0.05151,-0.07598,-0.14183,-0.18351,-0.22235,-0.0485,0.0,0.0,-0.22691,0.0,0.0,-0.43355,-0.93853,-0.67645,-0.22098,-0.2578,-0.13756,-0.29513,-0.1979,0.36705,0.51342,-1.09068,-0.02922,0.35342,0.05773,-0.44662,-0.43069,-0.20775,-0.70597,0.0,0.0,-0.02565
06085502901,0.0124,-0.08081,-0.05894,-0.07193,-0.00588,-0.04518,0.21725,-0.07041,0.325,-0.10256,-0.79738,-0.00313,-0.20954,0.00331,-0.07598,-0.14183,-0.13429,0.05803,0.00543,0.0,0.0,0.13855,0.0,0.0,-0.4514,-1.0414,-0.58651,-0.08329,-0.21282,-0.15107,-0.28488,-0.1979,0.58295,-0.42637,-1.02474,-0.02922,-0.53094,-0.13129,-0.52007,-0.43069,-0.20775,-0.83339,0.0,0.0,0.03644
06085501000,0.0123,-0.08081,-0.14142,-0.17523,-0.0236,-0.09151,0.34802,-0.101,-0.2356,-0.01546,0.26425,-0.03561,-0.31208,0.01139,-0.07598,0.01093,-0.09158,0.03096,-0.00712,0.0,0.0,-0.19825,0.0,0.0,-0.4229,-0.95378,-0.1759,-0.17761,-0.23133,-0.15231,-0.63591,-0.1979,-2.06412,-0.42637,0.43621,0.02705,-0.6964,-0.10875,0.2368,-0.33119,0.14592,-0.90543,0.0,0.0,-0.02565
06075015100,0.0122,0.05375,-0.05894,-0.07686,-0.15008,0.05495,0.37475,-0.05239,-0.31414,-0.10256,-0.79759,0.01273,-0.27706,-0.05151,-0.07598,0.01706,-0.13429,0.03143,-0.0485,0.0,0.0,-0.30294,0.0,0.0,-0.4514,-1.10895,-0.52426,0.1623,-0.19069,-0.15107,-0.39265,-0.1979,0.382,-0.32578,-1.05041,-0.02922,-0.53671,-0.13129,-0.10948,0.1458,-0.20775,-0.94602,0.0,0.0,-0.02565
06085501501,0.0121,-0.0835,0.07321,-0.17523,0.04876,-0.04518,0.21355,-0.09667,0.02608,0.01642,-0.79523,0.0255,0.05947,0.00331,0.05188,0.01093,-0.20748,0.0507,-0.00712,0.0,0.0,0.12612,0.0,0.0,-0.40505,-0.96729,-0.75847,-0.14053,-0.23594,-0.16582,-0.26664,-0.1979,-2.16374,-0.42637,0.51738,-0.02922,0.06865,0.0527,-0.43913,-0.45562,-0.20775,-0.64679,0.0,0.0,-0.02565
06001427200,0.0119,-0.11293,0.00677,-0.07193,-0.00588,-0.07298,-1.39587,-0.07041,-0.3749,-0.10256,-0.73353,-0.00515,-0.27787,0.00528,-0.07598,-0.08514,-0.14782,0.0383,-0.00712,0.0,0.0,-0.30294,0.0,0.0,-0.43355,-0.91317,-0.65018,-0.0462,-0.18915,-0.03188,-0.57467,0.1659,0.89502,0.22577,-0.88415,-0.02922,0.06865,0.05773,-0.5165,-0.43069,0.14592,-0.65386,0.0,0.0,-0.02565
06085504410,0.0118,-0.0835,-0.05894,-0.12693,-0.01949,-0.04518,0.18721,-0.05807,0.02608,-0.12623,-0.79225,-0.33938,0.05947,0.00331,-0.01485,0.01093,-0.09354,0.05362,-0.00712,0.0,0.0,0.0644,0.0,0.0,-0.34784,-1.02601,-0.64526,-0.10063,-0.37945,-0.16582,-0.64419,-0.1979,-2.26553,-0.42637,0.39203,-0.02922,-0.53094,-0.07174,-0.48223,0.15752,-0.20775,0.73653,0.0,0.0,-0.02565
06075015600,0.0117,0.02164,0.05112,-0.07193,-0.15008,0.05495,-1.5288,-0.06911,-0.21716,-0.10256,0.26403,-0.28717,0.07039,0.01337,-0.01485,0.01024,-0.18377,0.03143,-0.00712,0.0,0.0,-0.19825,0.0,0.0,-0.43355,-1.11553,-0.0012,-0.05074,-0.18915,-0.04663,-0.55056,-0.1979,-0.9394,0.20669,-0.90983,-0.02922,0.14218,0.05773,-0.42255,0.09243,-0.20775,-0.70298,0.0,0.0,-0.02565
06001423902,0.011,0.04523,0.00677,-0.07193,-0.15977,-0.09151,-1.40041,-0.15643,-0.35339,-0.12448,0.26403,-0.1639,-0.24444,-0.01202,-0.07598,0.01024,-0.15583,0.03143,-0.0485,0.0,0.0,-0.30294,0.0,0.0,-0.43355,-1.06161,-0.70176,-0.06782,-0.17367,-0.13756,-0.32194,-0.1979,0.34947,-0.46019,-0.83432,0.02705,0.34525,0.05428,0.19867,-0.30779,-0.20775,-0.73364,0.0,0.0,-0.02565
06075011300,0.0109,0.02164,-0.04379,-0.03592,-0.02181,-0.00342,-1.6481,-0.07718,0.08365,-0.07218,-0.09696,-0.22387,0.07039,0.01337,-0.07598,0.01024,-0.13688,0.02852,-0.00712,0.0,0.0,-0.30294,0.0,0.0,-0.4514,-1.06952,-0.14423,-0.42418,-0.16703,-0.03188,-0.56971,-0.1979,0.69418,-0.46019,-0.94386,-0.02922,-0.60147,-0.13129,-0.20563,0.09243,0.14592,-0.66478,0.0,0.0,-0.02565
06085512031,0.0108,-0.08081,-0.03891,-0.1491,-0.0851,0.05618,0.1756,-0.07609,0.02608,-0.15872,-0.79523,-0.11203,0.04819,0.00331,0.05188,0.01093,-0.17636,0.02889,-0.00712,0.0,0.0,-0.19825,0.0,0.0,-0.43355,-1.02329,-0.70577,0.10525,-0.27198,-0.16582,-0.26788,-0.15848,-2.14926,0.20669,0.17641,0.02705,0.03534,0.05845,-0.31534,-0.45562,0.2521,-1.12755,0.0,0.0,-0.02565
06085504317,0.0105,-0.00235,-0.05894,-0.1491,-0.01906,-0.04518,0.40565,-0.07569,0.02608,-0.13032,-0.79597,0.01894,0.07387,0.01139,-0.01485,0.01093,0.12565,0.0507,0.00543,0.0,0.0,0.12612,0.0,0.0,-0.4229,-1.01117,0.49864,-0.11244,-0.21282,-0.13938,-0.75548,-0.1979,-2.17433,-0.39157,0.44733,-0.02922,-0.6771,-0.18917,-0.40363,-0.45562,-0.19033,-0.92717,0.0,0.0,0.03644
06085503306,0.0103,-0.00235,-0.02589,-0.07193,-0.05812,-0.04518,0.13207,-0.10239,0.02293,0.04418,-0.79523,-0.12149,0.05911,0.01139,0.05188,0.01093,-0.17407,0.0507,-0.00712,0.0,0.0,0.12612,0.0,0.0,-0.43355,-1.03102,-0.0841,-0.07194,-0.24669,-0.16582,-0.26788,-0.1979,-2.11267,0.20669,-0.86868,0.02705,0.11357,0.05773,-0.31617,-0.30627,-0.20775,-0.99937,0.0,0.0,0.03644
06085504318,0.0103,-0.07079,-0.04592,-0.07193,0.05647,-0.04518,0.22097,-0.07864,0.05079,0.04418,0.02906,0.01447,-0.20954,-0.03981,-0.07598,0.01093,-0.16849,0.0383,-0.00712,0.0,0.0,-0.19825,0.0,0.0,0.17944,-1.18508,-0.55823,-0.17277,-0.17248,-0.15224,-0.37565,-0.1979,-1.7804,0.20669,-0.86334,-0.02922,-0.63996,0.06192,-0.44985,0.1458,-0.20775,-0.99854,0.0,0.0,-0.02565
06001402400,0.0101,0.05375,-0.07083,-0.04192,0.05288,-0.09151,0.36602,-0.08043,-0.57983,-0.09994,0.27622,-0.03612,0.06295,0.00331,0.05188,0.01093,-0.13867,0.03096,-0.00712,0.0,0.0,-0.19825,0.0,0.0,-0.4229,-0.98287,-0.77155,0.10661,-0.21282,-0.15231,-0.6482,-0.1979,-2.11088,-0.42637,0.45591,0.02705,0.0368,-0.10875,-0.34203,-0.33119,-0.20775,-1.03244,0.0,0.0,-0.02565
06085503315,0.0101,-0.06734,-0.04592,-0.07193,0.06649,-0.04518,0.18631,-0.069,0.03685,0.02878,-0.8011,0.01273,-0.27787,0.00331,-0.07598,-0.14183,0.17635,0.05803,0.00543,0.0,0.0,0.12612,0.0,0.0,-0.4514,-1.1022,-0.58608,-0.08329,-0.28854,-0.16582,-0.24861,-0.1979,-1.60104,0.20669,-0.85639,-0.02922,-0.55642,-0.13129,-0.39045,0.1458,0.14592,-0.66711,0.0,0.0,-0.02565
06001406500,0.0098,-0.08934,0.04411,-0.12896,0.06649,-0.09151,-1.72711,-0.09135,-0.64867,0.01642,-0.02332,-0.11746,0.04819,-0.01202,0.05188,0.01024,-0.1417,0.0383,-0.0485,0.0,0.0,-0.30294,0.0,0.0,-0.4229,-1.02369,-0.59712,0.16683,-0.2578,-0.13756,-0.67017,-0.1979,0.48891,-0.32578,0.39961,0.02705,-0.48401,-0.18917,-0.34203,-0.33119,0.14592,-0.88328,0.0,0.0,-0.02565
06085503304,0.0095,-0.0835,-0.04592,-0.07451,-0.05812,-0.04518,0.23683,-0.08003,0.02293,0.03781,-0.73743,0.01273,-0.27787,-0.03981,-0.07598,-0.09093,0.17119,0.0507,-0.00712,0.0,0.0,0.12612,0.0,0.0,-0.40598,-1.00337,-0.58354,-0.10902,-0.26642,-0.16582,-0.26776,-0.1979,-1.98105,-0.42637,-0.918,-0.02922,-0.55642,-0.13129,-0.11127,0.1458,-0.20775,0.35819,0.0,0.0,-0.02565
06085503113,0.0092,-0.11293,0.04411,-0.12693,-0.05812,-0.04518,-1.52178,-0.08003,0.02608,0.03351,-0.60246,0.0185,0.05947,0.00528,0.05188,0.00843,-0.14423,0.0507,0.00543,0.0,0.0,0.12612,0.0,0.0,-0.40598,-1.02896,-0.62199,-0.10902,-0.20766,-0.15231,-0.26788,-0.1979,-2.00662,0.20669,0.12159,-0.02922,-0.53094,-0.17035,-0.4794,0.15752,-0.20775,0.33952,0.0,0.0,-0.02565
06085500100,0.0092,-0.02975,0.01978,-0.05913,-0.02181,-0.09151,-1.26131,-0.07708,-0.42117,0.04418,-0.56238,0.01072,0.07039,0.01337,-0.07598,0.01024,-0.2197,0.04825,-0.00712,0.0,0.0,0.12612,0.0,0.0,0.17944,-1.22637,-0.11145,-0.38709,-0.15065,-0.13873,-0.25924,-0.1979,-1.33327,-0.42637,-0.71356,-0.02922,0.39505,0.06192,-0.40118,0.1458,-0.20775,-0.57026,0.0,0.0,-0.02565
06085503708,0.0087,0.05106,-0.03891,-0.15552,-0.01949,-0.04518,0.08672,-0.07609,0.02293,-0.09353,-0.85005,-0.06494,-0.34538,0.00331,0.05188,-0.09093,0.14777,0.0507,0.00543,0.0,0.0,0.12612,0.0,0.0,-0.38813,-0.8839,-0.70037,0.0733,-0.27003,-0.04663,-0.65134,-0.1979,-2.03862,-0.42637,-0.83799,-0.02922,0.41028,0.05428,-0.50858,-0.43069,-0.20775,0.34323,0.0,0.0,0.03644
06085503112,0.0085,-0.08081,0.05317,-0.10283,-0.02323,-0.09151,0.45692,-0.1037,-0.49798,0.01642,0.2339,-0.03612,0.06295,0.00331,-0.07598,0.01093,-0.14452,0.02852,-0.00712,0.0,0.0,-0.19825,0.0,0.0,-0.44749,-1.13257,-0.61995,-0.34843,-0.17248,-0.16582,-0.35153,-0.1979,-1.81963,0.20669,0.16176,-0.02922,-0.66313,-0.15516,-0.45298,-0.33119,0.14592,-1.06016,0.0,0.0,-0.02565
06085501700,0.0085,-0.0835,0.05317,-0.1491,-0.05041,-0.04518,0.35901,-0.09675,0.06151,0.00102,0.04178,-0.26308,-0.34538,0.00331,-0.07598,-0.09093,-0.09433,0.05803,0.00543,0.0,0.0,0.12612,0.0,0.0,-0.4229,-1.08742,-0.61343,-0.10418,-0.28854,-0.15231,-0.67231,-0.1979,-1.92348,-0.42637,0.45829,-0.02922,-0.52023,-0.10875,-0.42786,0.10415,-0.20775,-0.71889,0.0,0.0,-0.02565
06001401600,0.0083,0.04523,-0.03891,-0.10283,-0.01949,-0.09151,-0.26705,-0.07609,-0.53403,-0.13032,-0.04248,-0.39876,0.06295,0.00331,-0.07598,0.01093,-0.13867,0.0507,-0.00712,0.0,0.0,0.12612,0.0,0.0,-0.40505,-0.99414,-0.70894,0.10661,-0.17367,-0.04663,-0.62537,-0.1979,-2.18074,0.20669,0.36324,-0.02922,0.32011,0.03963,-0.43908,-0.45562,-0.20775,-0.89628,0.0,0.0,-0.02565
06001401000,0.0081,-0.11293,0.00677,-0.12896,-0.15008,-0.09151,-1.52143,-0.07041,-0.64867,-0.13032,0.23758,-0.24286,-0.27787,-0.01202,-0.07598,0.01024,-0.18377,0.03143,-0.0485,0.0,0.0,-0.30294,0.0,0.0,-0.40505,-1.02179,-0.70176,-0.05074,-0.18915,-0.13756,-0.61827,-0.1979,0.51122,-0.46019,0.37294,-0.02922,0.37132,0.03963,-0.42283,-0.45562,-0.20775,-0.66488,0.0,0.0,-0.02565
06001401400,0.0081,-0.11293,-0.09661,-0.07857,-0.01178,-0.09151,-1.40896,-0.07479,-0.54243,-0.06314,-0.18615,-0.22214,0.05947,0.00528,-0.01485,0.00843,-0.14782,0.0535,-0.00712,0.0,0.0,-0.1305,0.0,0.0,-0.35848,-1.1057,-0.73424,0.11146,-0.16703,-0.04663,-0.54373,-0.1979,-1.40018,-0.42637,-0.76461,-0.02922,0.03561,0.05773,-0.14838,0.09243,-0.20775,0.91594,0.0,0.0,-0.02565
06075016700,0.008,-0.11293,0.00677,-0.12693,-0.09065,-0.04518,-1.25406,-0.26414,0.02608,-0.11975,-0.66026,-0.24153,-0.27787,0.00528,-0.01485,-0.07011,-0.1863,0.0441,-0.00712,0.0,0.0,-0.1305,0.0,0.0,-0.35848,-1.01295,-0.72663,0.09687,-0.18915,-0.15231,-0.20946,-0.1979,-1.85049,-0.42637,0.09492,-0.02922,0.31984,0.05845,-0.45846,0.1048,-0.20775,0.67546,0.0,0.0,-0.02565
06085503402,0.008,-0.0835,0.07321,-0.07193,-0.0234,-0.04518,0.18166,-0.1037,0.04444,0.02878,0.0388,-0.12149,0.05947,0.00331,0.05188,0.01093,-0.18659,0.0507,0.00543,0.0,0.0,0.12612,0.0,0.0,-0.43355,-1.03282,-0.73316,-0.11009,-0.28854,-0.16582,-0.28703,-0.1979,-2.12831,-0.34486,-0.86868,-0.02922,0.07937,0.05773,-0.44404,-0.30627,-0.20775,-0.64825,0.0,0.0,0.03644
06001424002,0.0078,0.02164,0.00677,-0.12896,-0.0851,-0.07298,-1.31368,-0.03703,-0.41276,-0.15872,-0.59876,-0.18347,0.05947,0.00528,0.05188,0.00843,-0.14782,0.02889,-0.00712,0.0,0.0,-0.19825,0.0,0.0,-0.4514,-1.09373,-0.7352,-0.06491,0.12875,-0.15231,-0.03826,0.1659,-1.76133,0.18695,0.10965,-0.02922,0.09061,-0.05292,-0.41511,0.15752,-0.20775,-0.6924,0.0,0.0,-0.02565
06085500901,0.0077,-0.0835,-0.10757,-0.07247,-0.15847,-0.09151,0.41574,-0.07718,-0.57705,-0.07218,-0.20213,-0.22012,-0.34538,-0.00499,-0.07598,0.01706,-0.12466,0.03143,-0.0485,0.0,0.0,-0.30294,0.0,0.0,-0.4514,-1.11744,-0.49641,-0.22261,-0.2479,-0.15107,-0.56971,-0.1979,0.45648,-0.32578,-0.99604,-0.02922,-0.5848,-0.05087,-0.1017,0.09243,-0.20775,-0.72577,0.0,0.0,-0.02565
06085506401,0.0076,-0.0835,-0.05894,-0.10776,-0.0851,-0.09151,0.44009,-0.05807,-0.30163,-0.15872,-0.68283,-0.04927,-0.34538,-0.03147,-0.07598,0.01093,-0.13429,0.04862,-0.00712,0.0,0.0,0.12612,0.0,0.0,-0.4229,-1.01208,-0.54659,-0.10199,-0.10476,-0.16582,-0.26664,-0.1979,-2.01824,-0.42637,0.50002,-0.02922,-0.58336,-0.15216,-0.08104,0.15752,-0.20775,-0.74151,0.0,0.0,-0.02565
06075015900,0.0074,-0.08081,0.04016,0.03364,-0.02344,0.05495,0.2709,-0.06204,-0.48084,-0.13032,0.2339,-0.04927,-0.20954,-0.03981,-0.07598,-0.09093,-0.12774,0.02852,-0.00712,0.0,0.0,-0.19825,0.0,0.0,-0.4514,-1.18986,-0.5192,-0.37887,-0.19069,-0.16582,-0.57186,-0.1979,-1.74635,-0.42637,0.23639,-0.02922,-0.66313,-0.13334,-0.08969,0.15752,0.2521,-1.04335,0.0,0.0,-0.02565
06001400100,0.0073,0.04523,0.00677,-0.1491,-0.15977,-0.09151,-1.51732,-0.15643,-0.37175,-0.18065,-0.73353,-0.24999,0.04819,0.00528,0.05188,0.01024,-0.14554,0.03143,-0.00712,0.0,0.0,-0.30294,0.0,0.0,-0.43355,-1.12989,-0.5397,-0.06782,-0.28309,-0.03188,-0.54438,-0.1979,0.51077,-0.42637,0.15252,0.02705,0.37154,0.05845,-0.28852,-0.33271,-0.20775,-0.85553,0.0,0.0,-0.02565
06075026401,0.0071,0.04523,0.05112,-0.12896,-0.03698,-0.09151,-1.88234,-0.08202,-0.64867,-0.15872,0.23758,0.00314,0.04819,0.00528,0.05188,0.01024,-0.19092,0.02852,-0.00712,0.0,0.0,-0.30294,0.0,0.0,-0.4229,-1.02369,-0.73563,-0.32508,-0.25306,-0.13756,-0.64606,-0.1979,0.7746,-0.46019,0.38849,0.02705,0.02228,-0.18917,-0.31669,-0.45562,-0.20775,-0.89829,0.0,0.0,-0.02565
06085503207,0.007,0.05375,-0.03891,-0.1491,-0.01178,0.00984,0.17038,-0.07609,-0.2791,-0.15872,-0.85005,0.01894,0.05911,0.01139,0.05188,0.01093,-0.1356,0.05803,0.00543,0.0,0.0,0.12612,0.0,0.0,-0.4514,-1.10463,-0.05073,-0.0587,-0.32223,-0.16582,-0.59597,-0.15848,-1.90224,-0.42637,0.22636,0.02705,0.04902,-0.17035,-0.3024,-0.45562,-0.20775,-0.99455,0.0,0.0,0.03644
06001403600,0.007,-0.08081,-0.03891,-0.12896,-0.0851,-0.07298,0.35563,-0.07609,-0.53403,-0.13032,-0.04248,0.0255,0.06295,0.00331,0.05188,0.01093,-0.13867,0.02889,-0.00712,0.0,0.0,-0.19825,0.0,0.0,-0.43355,-1.03451,-0.76051,0.10525,-0.21282,-0.15231,-0.59597,0.1659,-1.99592,-0.42637,0.23731,0.02705,0.03561,0.07151,-0.47112,-0.45562,-0.20775,-1.03244,0.0,0.0,-0.02565
06085503802,0.0067,-0.07079,-0.04592,-0.1491,-0.01589,-0.04518,0.40666,-0.101,0.04,0.00102,-0.73743,-0.10115,0.06295,0.00331,-0.07598,0.01093,-0.16542,0.05803,0.00543,0.0,0.0,0.12612,0.0,0.0,-0.4514,-1.04969,-0.61995,-0.17277,-0.23133,-0.16582,-0.26788,-0.1979,-1.94427,0.20669,0.18479,-0.02922,-0.53094,-0.17035,-0.45298,-0.33119,-0.20775,-0.99956,0.0,0.0,0.03644
06085512023,0.0067,-0.0835,-0.02589,-0.1491,-0.01949,-0.09151,0.18515,-0.09704,-0.25711,0.01642,-0.79523,-0.10115,0.05947,0.00331,0.05188,0.01093,-0.17636,0.0507,-0.00712,0.0,0.0,0.12612,0.0,0.0,-0.4229,-0.96729,-0.75847,-0.06354,-0.35416,-0.16582,-0.26664,-0.1979,-2.07873,-0.42637,0.50249,-0.02922,0.06865,-0.10875,-0.42563,-0.33119,-0.20775,-0.69891,0.0,0.0,0.03644
06001407400,0.0067,-0.11293,-0.13046,0.01127,-0.03698,-0.09151,-1.53013,-0.0806,-0.64776,0.0277,-0.18122,0.01072,0.05947,-0.01202,0.05188,0.01024,-0.15498,0.02852,-0.0485,0.0,0.0,-0.30294,0.0,0.0,-0.43355,-1.21442,-0.71032,-0.32508,-0.15065,-0.13756,-0.55056,-0.1979,0.40564,0.22577,-0.9378,-0.02922,0.06893,0.05773,-0.46218,0.1458,-0.20775,-0.59086,0.0,0.0,-0.02565
06075026004,0.0067,-0.01088,0.01978,-0.05913,-0.02189,-0.09151,-1.2984,-0.09943,-0.51382,0.02878,-0.6172,-0.12697,0.05911,-0.00393,0.05188,0.01024,-0.2197,-0.3232,-0.0485,0.0,0.0,-0.22691,0.0,0.0,-0.4514,-1.01007,0.54974,-0.18751,-0.19218,-0.12167,-0.39265,-0.1979,0.40455,-0.34541,-0.87495,-0.02922,0.04601,-0.13129,-0.44527,-0.30627,-0.19033,-0.80523,0.0,0.0,-0.02565
06085502601,0.0066,0.04523,-0.04592,-0.1491,-0.15008,-0.04518,-0.23777,-0.08702,0.0526,0.01642,-0.79738,-0.06851,0.06295,0.00331,-0.07598,0.01706,-0.13429,0.03143,-0.00712,0.0,0.0,-0.19825,0.0,0.0,-0.4229,-0.99304,-0.6473,-0.08782,-0.15356,-0.15231,-0.26449,-0.1979,-1.04046,-0.42637,0.53838,0.02705,-0.53094,-0.15216,-0.31534,-0.45562,-0.20775,-0.93965,0.0,0.0,-0.02565
06085506601,0.0064,-0.00504,-0.05894,-0.12693,-0.01949,-0.00342,0.12714,-0.05807,-0.01568,-0.09783,-0.79225,-0.3829,-0.38041,0.01139,-0.07598,-0.09093,-0.09354,0.03096,-0.00712,0.0,0.0,-0.19825,0.0,0.0,-0.38813,-0.97343,-0.1759,-0.10063,-0.27003,-0.15231,-0.59597,-0.1979,-2.08669,-0.42637,0.17556,-0.02922,-0.65162,0.05845,-0.45371,0.15752,-0.20775,0.33506,0.0,0.0,-0.02565
06085503213,0.0063,-0.08081,-0.10757,-0.07193,-0.02323,-0.04518,0.09905,-0.08709,0.05836,-0.07218,0.0966,-0.05819,0.06295,0.00331,0.05188,0.01093,-0.14452,0.04825,-0.00712,0.0,0.0,0.12612,0.0,0.0,-0.4514,-1.01438,-0.59573,-0.34843,-0.21282,-0.04663,-0.26788,-0.1979,-1.85487,0.20669,-0.83072,-0.02922,-0.52023,-0.13129,-0.47139,-0.30627,-0.20775,-0.87652,0.0,0.0,0.03644
06085503508,0.0063,-0.11293,-0.00025,-0.1491,-0.02943,-0.09151,-1.69937,-0.09863,-0.37175,0.00102,-0.6209,0.00263,0.05947,0.00528,0.05188,0.01024,-0.15367,0.05803,-0.00712,0.0,0.0,0.13855,0.0,0.0,-0.4514,-1.03851,-0.59616,-0.15607,-0.20766,-0.03188,-0.28488,-0.1979,0.51809,-0.42637,0.14099,-0.02922,-0.53094,-0.17035,-0.49584,-0.45562,-0.20775,-0.60702,0.0,0.0,-0.02565
06085502903,0.0063,-0.0835,-0.03891,-0.1491,-0.15598,-0.04518,0.28632,-0.01907,0.04,-0.15872,-0.79523,-0.35524,-0.38041,0.01139,0.05188,-0.09093,-0.17636,0.05116,0.00543,0.0,0.0,0.12612,0.0,0.0,-0.4229,-0.97679,-0.12352,-0.06324,-0.37945,-0.15231,-0.26664,-0.1979,-1.91485,-0.42637,0.41783,-0.02922,0.04902,-0.15216,-0.39529,-0.45562,-0.20775,-0.71889,0.0,0.0,0.03644
06085503208,0.006,0.05375,-0.02589,-0.07193,-0.0234,-0.04518,0.15649,-0.09937,0.04444,0.02878,0.2762,-0.00313,0.04819,0.00331,0.05188,0.01093,-0.18659,0.0507,-0.00712,0.0,0.0,0.12612,0.0,0.0,-0.4514,-1.08154,-0.75847,-0.11009,-0.23133,-0.16582,-0.34421,-0.1979,-2.07412,-0.42637,-0.83072,0.02705,0.03272,-0.13129,-0.3423,-0.43069,-0.20775,-0.9439,0.0,0.0,-0.02565
06085503803,0.006,-0.08081,-0.02589,-0.07193,-0.00588,-0.09151,0.13857,-0.08702,-0.01248,0.02878,-0.91,-0.06494,0.05911,0.01139,0.05188,0.01706,-0.1356,0.0383,-0.00712,0.0,0.0,-0.19825,0.0,0.0,-0.43355,-1.1506,-0.02542,-0.0462,-0.23133,-0.16582,-0.56818,-0.1979,-1.52925,-0.34486,-0.77638,0.02705,0.39806,0.05428,-0.28944,-0.43069,-0.20775,-1.02141,0.0,0.0,-0.02565
06085503326,0.006,-0.06734,-0.03891,-0.1491,-0.15598,-0.04518,0.1352,-0.07609,0.04,-0.13032,-0.85005,-0.35524,0.07039,0.01139,0.05188,0.01093,-0.1356,0.05116,-0.00712,0.0,0.0,0.12612,0.0,0.0,-0.4229,-1.04172,-0.10941,-0.06324,-0.27003,-0.16582,-0.67231,-0.1979,-1.99508,-0.42637,0.36266,-0.02922,0.04902,-0.15216,-0.27324,-0.45562,-0.20775,-0.69778,0.0,0.0,-0.02565
06085502800,0.0059,-0.08934,-0.03891,-0.1491,-0.01949,-0.04518,-0.28215,-0.07609,0.02608,-0.15872,-0.79523,-0.40213,0.07387,0.01139,-0.07598,0.01093,-0.17636,0.0507,-0.00712,0.0,0.0,0.12612,0.0,0.0,-0.43355,-1.07316,-0.11145,-0.06354,-0.25306,-0.15231,-0.28703,-0.1979,-2.20769,-0.42637,0.10126,0.02705,0.11357,0.05845,-0.28921,-0.45562,0.14592,-0.84391,0.0,0.0,0.03644
06085506606,0.0059,-0.0835,-0.03891,-0.1491,-0.0851,-0.04518,0.43609,-0.07609,0.02608,-0.15872,-0.79523,0.0255,-0.34538,0.00331,-0.01485,-0.09093,-0.17636,0.02889,-0.00712,0.0,0.0,-0.19825,0.0,0.0,-0.43355,-1.00727,-0.7246,0.10525,-0.12689,-0.16582,-0.25924,-0.1979,-2.01764,-0.42637,0.19967,-0.02922,0.31984,0.07151,-0.40649,-0.45562,-0.20775,-0.78392,0.0,0.0,-0.02565
06085506301,0.0055,-0.08081,-0.03891,-0.1491,-0.01949,-0.04518,0.11031,-0.07609,0.02608,-0.13032,-0.85005,-0.10866,-0.27706,0.00331,-0.07598,-0.09093,-0.17636,0.0507,0.00543,0.0,0.0,0.12612,0.0,0.0,-0.40505,-0.87412,-0.70133,0.10661,-0.21282,-0.15231,-0.3744,-0.1979,-2.21501,-0.34486,0.49749,-0.02922,-0.02921,0.03963,-0.42963,-0.45562,0.14592,-0.93493,0.0,0.0,-0.02565
06075031100,0.0055,-0.11293,0.00677,-0.1491,-0.08838,-0.09151,-1.41277,-0.06047,-0.37175,-0.13032,-0.73353,-0.22699,-0.27787,0.00528,-0.07598,-0.08514,-0.17894,-0.25236,-0.00712,0.0,0.0,-0.22691,0.0,0.0,-0.40505,-1.06352,-0.70176,-0.1889,-0.18915,-0.13756,-0.64238,-0.1979,0.46483,-0.42637,0.38783,-0.02922,0.35315,0.03963,-0.47954,0.15752,-0.20775,-0.63749,0.0,0.0,-0.02565
06075021400,0.0053,0.05106,-0.03891,-0.04976,-0.06948,-0.04518,0.30266,-0.26414,0.02293,-0.11545,-0.85005,-0.16733,-0.34538,0.00331,-0.01485,-0.09093,-0.13332,-0.22615,-0.00712,0.0,0.0,-0.12222,0.0,0.0,-0.38813,-1.06151,-0.72663,-0.07575,-0.27003,-0.15231,-0.54652,-0.1979,-1.76114,-0.42637,-0.75244,-0.02922,0.35315,0.05428,-0.46868,0.09308,-0.20775,0.31227,0.0,0.0,-0.02565
06075016500,0.0052,-0.08081,-0.03891,-0.07193,-0.09065,-0.09151,0.3121,-0.10654,-0.23875,-0.12448,0.30268,-0.0687,0.06295,0.00331,-0.07598,0.01093,-0.13639,0.02889,-0.00712,0.0,0.0,-0.19825,0.0,0.0,-0.43355,-1.09096,-0.76051,0.09687,-0.21282,-0.15231,-0.5502,-0.1979,-1.76469,-0.42637,-0.77638,-0.02922,0.06395,0.05428,-0.46139,-0.30779,0.14592,-1.02141,0.0,0.0,-0.02565
06085503218,0.0051,-0.11293,-0.12139,-0.04338,-0.01568,-0.04518,-0.439,-0.1037,0.03979,0.02133,-0.79523,-0.05646,0.07423,0.00331,0.05188,0.01093,-0.18351,0.0383,-0.00712,0.0,0.0,-0.19825,0.0,0.0,-0.38813,-1.03334,-0.73424,-0.10525,-0.20766,-0.04663,-0.25924,-0.1979,-1.66596,-0.42637,-1.0023,-0.02922,0.35315,0.05773,-0.54885,-0.30627,-0.20775,0.19266,0.0,0.0,-0.02565
06001400300,0.005,-0.11293,-0.01326,-0.10541,-0.16153,-0.09151,-1.42909,-0.26414,-0.43475,-0.14815,-0.58449,-0.24153,0.05947,-0.03243,-0.07598,0.00843,0.12464,0.03143,-0.00712,0.0,0.0,-0.19825,0.0,0.0,-0.35963,-1.14026,-0.59319,0.14142,-0.13046,-0.04663,-0.73382,-0.1979,-1.52388,-0.42637,0.35354,-0.02922,-0.51278,0.03963,-0.12141,0.1048,0.14592,0.24034,0.0,0.0,-0.02565
06075025402,0.005,0.02164,-0.00025,-0.07193,-0.06394,-0.02664,-1.19209,-0.05363,0.02293,0.02878,-0.65728,-0.04132,0.05947,0.00528,0.05188,0.00843,-0.10576,-0.22615,-0.00712,0.0,0.0,-0.12222,0.0,0.0,-0.44749,-1.07914,-0.62199,-0.10445,-0.20766,-0.15231,-0.03826,0.1659,-1.73027,0.18695,-0.67267,-0.02922,-0.50597,-0.10632,-0.43404,0.1458,0.14592,-0.61773,0.0,0.0,-0.02565
06075033100,0.005,-0.03447,0.00677,-0.1491,-0.08,-0.04518,-1.49705,-0.07041,0.0526,-0.15872,-0.73353,0.00919,0.05947,0.00528,-0.07598,0.01024,-0.14782,-0.3779,-0.00712,0.0,0.0,0.0693,0.0,0.0,-0.43355,-1.08165,-0.73563,-0.05411,-0.17594,-0.13756,-0.56603,-0.1979,-0.4111,-0.42637,0.19745,-0.02922,0.35315,0.07151,-0.41353,-0.45562,-0.20775,-0.65984,0.0,0.0,0.03644
06075030202,0.005,-0.11293,-0.01326,-0.07451,-0.06351,-0.00342,-1.22098,-0.05766,-0.01883,-0.09353,-0.70082,0.00899,-0.3129,-0.0688,-0.07598,-0.07011,0.19502,-0.3229,-0.00712,0.0,0.0,-0.10178,0.0,0.0,-0.37634,-1.00835,-0.15603,0.13387,-0.16703,-0.04663,-0.3474,-0.1979,-1.77146,-0.34486,-0.78102,-0.02922,-0.63045,-0.13129,-0.06464,0.1458,-0.20775,0.6366,0.0,0.0,-0.02565
06075016000,0.005,0.05375,-0.05894,-0.05913,-0.15008,0.05495,0.29473,-0.07041,-0.47949,-0.10256,0.25381,-0.18446,-0.31195,0.00331,-0.07598,0.01093,-0.07095,0.03143,-0.00712,0.0,0.0,-0.19825,0.0,0.0,-0.4514,-1.10288,-0.61343,0.1623,-0.21282,-0.15231,-0.37353,-0.1979,-1.51439,-0.42637,-0.67382,0.02705,-0.53951,-0.04109,0.24129,-0.43069,-0.20775,-0.8828,0.0,0.0,-0.02565
06075040100,0.0049,-0.11293,-0.05894,-0.15403,-0.0851,-0.04518,-0.32763,-0.05807,0.02608,-0.15872,-0.79225,-0.33938,-0.34538,-0.03981,-0.07598,0.01093,0.10723,0.02889,-0.00712,0.0,0.0,-0.19825,0.0,0.0,-0.4229,-1.06172,-0.52332,0.14813,-0.27644,-0.15231,-0.73633,-0.1979,-2.05463,0.20669,0.37363,-0.02922,-0.50977,-0.07174,-0.05782,0.15752,0.14592,-0.79051,0.0,0.0,-0.02565
06085503305,0.0049,-0.08081,-0.04592,-0.07193,0.05288,0.05618,0.22243,-0.09704,0.04444,0.04418,0.0966,-0.05408,-0.20954,-0.03147,-0.07598,-0.09093,-0.13737,0.0507,0.00543,0.0,0.0,0.12612,0.0,0.0,-0.4514,-1.12428,-0.58354,0.14949,-0.24669,-0.16582,-0.28703,-0.15848,-2.10755,-0.42637,-0.80234,0.02705,-0.47357,-0.05087,-0.27065,-0.30627,-0.20775,-0.87237,0.0,0.0,0.03644
06085500400,0.0047,0.02164,-0.02589,-0.10283,-0.00588,-0.09151,-0.30963,-0.08702,-0.32144,0.00102,-0.85005,-0.39876,0.07423,0.00331,-0.07598,0.01093,-0.1356,0.05803,0.00543,0.0,0.0,0.12612,0.0,0.0,-0.40505,-1.01874,-0.76051,0.12395,-0.20766,-0.15231,-0.64452,-0.1979,-1.75642,-0.42637,0.36324,-0.02922,0.31984,0.03963,-0.41173,-0.45562,-0.20775,-0.6579,0.0,0.0,0.03644
06085503510,0.0046,-0.08081,-0.02589,-0.07193,-0.05812,-0.00342,0.08857,-0.09805,-0.01883,0.02878,-0.79523,0.00271,0.06295,0.00331,0.05188,0.01093,-0.17407,0.0507,0.00543,0.0,0.0,0.12612,0.0,0.0,-0.43355,-1.00211,-0.7352,-0.07194,-0.23133,-0.15231,-0.28703,-0.1979,-2.12523,-0.34486,-0.84031,0.02705,0.06865,0.05773,-0.29219,-0.43069,0.14592,-0.87652,0.0,0.0,0.03644
06085502910,0.0046,-0.00504,-0.02589,-0.07193,-0.01949,-0.04518,0.15963,-0.07468,0.02293,0.04418,-0.79523,0.01447,0.05947,0.00331,-0.07598,0.01093,-0.17636,0.03096,-0.00712,0.0,0.0,-0.19825,0.0,0.0,-0.43355,-1.14006,-0.75847,-0.06354,-0.23594,-0.16582,-0.25924,-0.1979,-1.99601,-0.42637,-0.89436,-0.02922,0.35315,0.05773,-0.42731,0.1458,-0.20775,-0.71328,0.0,0.0,-0.02565
06001401200,0.0045,0.02164,-0.05894,-0.15168,-0.09065,-0.09151,-0.44611,-0.26414,-0.25711,-0.14815,-0.79225,0.02027,-0.34538,0.00331,-0.07598,0.01093,-0.09126,0.02889,-0.00712,0.0,0.0,-0.19825,0.0,0.0,-0.40598,-1.10432,-0.61343,-0.11037,-0.15381,-0.15231,-0.57431,-0.1979,-1.88779,-0.42637,0.25572,-0.02922,-0.53094,-0.08994,-0.14868,0.1048,0.14592,0.28082,0.0,0.0,-0.02565
06085504416,0.0045,-0.00235,-0.03891,-0.1491,-0.0851,-0.04518,0.20343,-0.07609,0.02608,-0.15872,-0.85005,-0.40213,-0.20954,0.00331,-0.07598,-0.09093,0.20945,0.02889,-0.00712,0.0,0.0,-0.19825,0.0,0.0,-0.43355,-0.98315,-0.69929,-0.06491,-0.27198,-0.16582,-0.35637,-0.1979,-2.10238,0.20669,0.10126,0.02705,0.12578,0.05845,-0.24261,-0.45562,-0.20775,-1.00054,0.0,0.0,-0.02565
06075025900,0.0045,-0.08934,0.00677,-0.1491,-0.02179,-0.04518,-1.36516,-0.07609,0.25012,-0.13032,-0.71508,0.0097,0.04819,0.00528,0.05188,0.00843,-0.18857,-0.37309,-0.00712,0.0,0.0,0.05687,0.0,0.0,-0.43355,-0.96567,-0.70894,0.10344,-0.17367,-0.04663,-0.34786,-0.1979,-2.01207,0.20669,0.09599,0.02705,0.31984,0.07151,-0.29654,-0.45562,-0.20775,-0.88338,0.0,0.0,0.03644
06075045100,0.0045,-0.11293,-0.01326,-0.07451,-0.06837,-0.00342,-1.25935,-0.00501,-0.01883,-0.09353,-0.65728,-0.10546,0.05947,0.00528,-0.07598,0.00843,0.06388,0.04041,-0.00712,0.0,0.0,-0.1305,0.0,0.0,-0.37634,-1.06931,-0.61036,-0.27979,-0.16703,-0.15231,-0.65101,-0.1979,-1.60674,-0.42637,-0.68311,-0.02922,-0.55642,-0.12151,-0.04904,0.1458,-0.20775,0.92018,0.0,0.0,-0.02565
06085503401,0.0045,-0.0835,-0.04592,-0.07193,-0.0234,-0.04518,0.17127,-0.09806,0.04444,0.02878,0.0966,-0.22012,0.05947,0.00331,0.05188,0.01093,-0.14452,0.0507,0.00543,0.0,0.0,0.12612,0.0,0.0,-0.4514,-1.11774,-0.61995,-0.14717,-0.28854,-0.16582,-0.28703,-0.1979,-2.12831,-0.34486,-0.85639,-0.02922,-0.52023,-0.13129,-0.44404,0.09243,-0.20775,-0.64825,0.0,0.0,-0.02565
06075010800,0.0043,-0.0835,-0.03891,-0.05913,-0.15847,0.05495,0.30895,-0.07849,-0.37759,-0.10256,-0.79368,-0.06494,0.07423,0.00331,0.05188,0.01706,-0.16673,0.03143,-0.00712,0.0,0.0,-0.19825,0.0,0.0,-0.43355,-1.09096,-0.73312,-0.18553,-0.27003,-0.15231,-0.56603,-0.1979,-1.04692,-0.42637,-0.95759,-0.02922,0.35014,0.05428,-0.4173,-0.43069,0.2521,-0.74399,0.0,0.0,-0.02565
06085502908,0.0043,-0.08081,-0.05894,-0.1491,-0.15598,-0.04518,0.19821,-0.07609,0.04,-0.15872,-0.73743,-0.35861,-0.20954,0.00331,-0.01485,-0.09093,-0.13429,0.05116,-0.00712,0.0,0.0,0.12612,0.0,0.0,-0.4229,-0.95175,-0.58608,-0.10032,-0.32223,-0.16582,-0.24749,-0.1979,-1.98704,0.20669,0.41446,0.02705,-0.53094,-0.07174,-0.2938,-0.45562,-0.20775,-0.86755,0.0,0.0,-0.02565
06085503325,0.0042,-0.08081,-0.03891,-0.1491,-0.0236,-0.04518,0.16736,-0.08006,0.04759,-0.13032,-0.01602,-0.35524,0.04819,0.00331,-0.01485,0.01093,-0.1698,0.0507,0.00543,0.0,0.0,0.12612,0.0,0.0,-0.4229,-0.993,-0.73316,-0.14053,-0.21282,-0.16582,-0.67231,-0.1979,-2.2783,-0.34486,0.36266,-0.02922,0.01482,-0.07174,-0.45581,-0.45562,-0.20775,-0.99455,0.0,0.0,-0.02565
06085511911,0.0042,-0.08081,-0.03891,-0.17523,-0.08922,-0.09151,0.35723,0.0575,-0.25711,-0.15225,-0.85005,-0.39876,-0.27706,0.00331,-0.07598,-0.09093,-0.20748,0.04862,-0.00712,0.0,0.0,0.12612,0.0,0.0,-0.43355,-1.03367,-0.7246,-0.14189,-0.21282,-0.16582,-0.36701,-0.1979,-1.91323,-0.42637,0.10463,0.02705,0.35315,0.05845,-0.29731,-0.45562,0.14592,-0.82792,0.0,0.0,0.03644
06085503116,0.0042,-0.08081,-0.03891,-0.05913,-0.01178,-0.09151,0.12685,-0.08043,-0.42117,-0.10256,-0.67891,-0.05235,0.04819,0.00331,-0.07598,0.01093,-0.10994,0.0383,-0.00712,0.0,0.0,-0.19825,0.0,0.0,-0.43355,-1.08154,-0.75847,0.11146,-0.21282,-0.16582,-0.26209,-0.1979,-1.6752,-0.42637,-0.8275,0.02705,0.28031,0.05773,0.17061,-0.30627,-0.20775,-0.95403,0.0,0.0,-0.02565
06085503322,0.0042,-0.0835,-0.02589,-0.07193,0.05288,0.05618,0.15963,-0.0927,0.24697,0.04418,-0.79523,-0.05344,0.05947,0.00331,0.05188,0.01093,-0.17636,0.0507,-0.00712,0.0,0.0,0.12612,0.0,0.0,-0.4514,-1.05514,-0.75847,-0.06354,-0.16173,-0.16582,-0.28703,-0.15848,-2.07294,-0.42637,-0.80645,-0.02922,0.00411,-0.12151,-0.4294,-0.43069,-0.20775,-0.63576,0.0,0.0,0.03644
06001403900,0.0041,-0.00504,-0.05894,-0.0617,-0.09202,-0.09151,0.23683,-0.22932,-0.39918,-0.14385,-0.67593,-0.0018,-0.27787,0.00331,-0.01485,-0.09093,-0.10072,0.0441,-0.00712,0.0,0.0,-0.1305,0.0,0.0,-0.37634,-1.03419,-0.57444,-0.14858,-0.35732,-0.16582,-0.54619,-0.1979,-1.74417,-0.42637,-0.86363,-0.02922,-0.53395,-0.13129,-0.08915,0.09308,-0.20775,0.77458,0.0,0.0,-0.02565
06085503217,0.0041,-0.01088,0.04411,-0.07193,-0.05812,-0.04518,-1.19771,-0.10239,0.02293,0.02878,-0.60246,-0.05783,0.05911,0.01337,0.05188,0.00843,-0.14423,0.0507,-0.00712,0.0,0.0,0.12612,0.0,0.0,-0.4514,-0.97562,0.46356,0.1411,-0.19218,-0.09504,-0.28703,-0.1979,-1.86359,-0.39157,-0.66536,0.02705,-0.60497,-0.13129,-0.26606,-0.30627,-0.19033,-0.77825,0.0,0.0,-0.02565
06001408000,0.004,0.05106,-0.03891,-0.10283,-0.09202,-0.09151,0.372,-0.07172,-0.29945,-0.15225,-0.85005,-0.40253,-0.34538,0.00331,-0.01485,-0.09093,-0.14278,0.02889,-0.00712,0.0,0.0,-0.19825,0.0,0.0,-0.43355,-0.96932,-0.69929,-0.11149,-0.27003,-0.16582,-0.52737,-0.1979,-1.86553,0.20669,0.14227,-0.02922,0.35315,0.05845,-0.40932,-0.33271,-0.20775,-0.79641,0.0,0.0,-0.02565
06085502001,0.004,-0.11293,0.04411,-0.07193,-0.00588,-0.04518,-1.65812,-0.08572,0.12247,0.04418,0.05796,-0.2889,-0.27787,0.00528,-0.07598,-0.08514,-0.18246,0.0383,-0.00712,0.0,0.0,-0.30294,0.0,0.0,-0.4514,-1.12567,-0.58855,0.05355,-0.22486,-0.13756,-0.28488,-0.1979,0.4485,-0.42637,-0.91343,-0.02922,-0.52023,-0.13129,-0.51186,0.09243,-0.20775,-0.65048,0.0,0.0,-0.02565
06085511914,0.004,-0.0835,-0.05894,-0.1491,-0.0851,0.05618,0.42522,-0.07609,0.02608,-0.15872,-0.79225,-0.35524,0.07423,0.00331,-0.01485,0.01093,-0.13429,0.04862,-0.00712,0.0,0.0,0.12612,0.0,0.0,-0.4229,-0.96729,-0.64526,-0.10199,-0.12689,-0.16582,-0.3744,-0.15848,-2.14145,-0.42637,0.41783,-0.02922,-0.53094,-0.15216,-0.42382,-0.45562,-0.20775,-0.68642,0.0,0.0,0.03644
06001408700,0.004,-0.07079,-0.12139,-0.08525,0.04876,-0.09151,0.42181,-0.101,-0.52045,0.0277,-0.04248,-0.05819,0.07387,0.01139,-0.01485,0.01093,-0.1698,0.03096,-0.00712,0.0,0.0,-0.19825,0.0,0.0,-0.4514,-1.06363,-0.10941,-0.14053,-0.11235,-0.16582,-0.59597,-0.1979,-1.92656,-0.42637,-0.77634,0.02705,0.04929,-0.05087,-0.33432,-0.30627,-0.20775,-1.04227,0.0,0.0,-0.02565
06001400200,0.004,0.02164,0.00677,-0.07451,-0.15977,-0.09151,-1.2889,-0.31403,-0.28225,-0.11545,-0.71508,-0.12,0.05947,0.00528,-0.07598,0.00843,-0.14554,0.04664,-0.00712,0.0,0.0,-0.1305,0.0,0.0,-0.37634,-1.16626,-0.6973,-0.06782,-0.16703,-0.04663,-0.54619,-0.1979,-1.3943,-0.42637,-0.68311,-0.02922,0.00411,-0.04109,-0.0769,0.09308,-0.20775,0.70151,0.0,0.0,-0.02565
06085503507,0.0039,0.04523,-0.02589,-0.1491,-0.05041,-0.04518,-0.29669,-0.09805,0.04,0.01642,-0.79523,-0.35861,0.06295,0.00331,0.05188,0.01093,-0.17407,0.0383,-0.00712,0.0,0.0,-0.19825,0.0,0.0,-0.4229,-0.98071,-0.73424,-0.0671,-0.2578,-0.04663,-0.26664,-0.1979,-1.86361,-0.42637,0.41446,0.02705,0.00411,-0.07174,-0.31534,-0.45562,-0.20775,-0.90642,0.0,0.0,-0.02565
06001409000,0.0039,-0.11293,0.06414,-0.12896,-0.05812,-0.09151,-1.5198,-0.09675,-0.53403,0.00102,0.23265,-0.27284,-0.27787,-0.03243,-0.07598,-0.07011,-0.18148,0.0507,-0.00712,0.0,0.0,0.12612,0.0,0.0,-0.40505,-1.00248,-0.67252,0.09822,-0.20766,-0.04663,-0.62041,-0.1979,-1.83177,-0.42637,0.37669,-0.02922,0.33801,0.0527,-0.42464,0.10415,-0.20775,-0.63825,0.0,0.0,-0.02565
06075030600,0.0038,0.02164,0.00677,-0.1491,-0.0851,-0.04518,-1.26809,-0.01907,0.02608,-0.13032,-0.71508,-0.24623,0.05947,0.00528,0.05188,0.00843,-0.14782,0.02889,-0.00712,0.0,0.0,-0.19825,0.0,0.0,-0.40505,-1.00642,-0.68154,-0.06491,-0.18915,-0.04663,-0.64452,-0.1979,-1.89029,-0.34486,0.32473,0.02705,0.35315,0.03963,-0.2759,-0.45562,0.2521,-0.73542,0.0,0.0,-0.02565
06085507002,0.0038,0.02164,-0.01326,-0.04976,-0.09065,-0.04518,-1.24316,-0.10654,0.02293,-0.11545,-0.70082,-0.1251,0.05947,0.00528,0.05188,0.00843,0.18632,0.0441,-0.00712,0.0,0.0,-0.1305,0.0,0.0,-0.37634,-1.02461,-0.6473,-0.11037,-0.18915,-0.15231,-0.32574,-0.1979,-1.58473,-0.42637,-0.69901,-0.02922,-0.55642,-0.12151,-0.43199,-0.30779,-0.20775,0.88476,0.0,0.0,-0.02565
06085502906,0.0037,-0.08081,-0.05894,-0.1491,-0.01949,-0.04518,0.24951,-0.08043,0.02608,-0.15872,-0.79225,-0.10115,-0.24457,0.01139,0.05188,-0.09093,-0.13429,0.0507,-0.00712,0.0,0.0,0.12612,0.0,0.0,-0.4514,-1.01577,-0.14648,-0.10063,-0.13764,-0.16582,-0.50344,-0.1979,-2.20953,-0.42637,0.22636,-0.02922,-0.65162,-0.17035,-0.27622,-0.33119,0.2521,-0.99041,0.0,0.0,-0.02565
06001408800,0.0036,-0.05989,-0.11375,-0.04192,-0.02566,-0.09151,-1.40918,-0.09937,-0.57983,-0.01546,-0.18615,0.0097,0.04819,0.00528,-0.07598,0.00843,-0.15498,0.02621,-0.00712,0.0,0.0,-0.19825,0.0,0.0,-0.40505,-0.85308,-0.74624,-0.23401,-0.19218,-0.15231,-0.60126,-0.1979,-1.76433,0.49434,0.36712,0.02705,0.33672,0.0527,-0.31468,-0.45562,-0.20775,-0.97803,0.0,0.0,-0.02565
06085504319,0.0035,-0.0835,-0.03891,-0.1491,-0.0851,-0.04518,0.15249,-0.07609,0.02608,-0.13032,-0.85005,-0.39876,0.05947,0.00331,-0.01485,0.01093,-0.1356,0.04862,-0.00712,0.0,0.0,0.12612,0.0,0.0,-0.40505,-0.993,-0.73316,-0.06491,-0.27003,-0.16582,-0.67231,-0.1979,-2.22619,-0.34486,0.36717,-0.02922,0.06865,0.03963,-0.29937,-0.45562,-0.20775,-0.69891,0.0,0.0,0.03644
06075013500,0.0035,0.05375,-0.05894,-0.15403,-0.09065,-0.00342,0.35871,-0.26414,-0.01786,-0.15225,-0.73765,-0.35391,-0.31208,0.01139,-0.07598,0.01093,-0.09126,0.02889,-0.00712,0.0,0.0,-0.19825,0.0,0.0,-0.4514,-1.13071,0.48657,-0.11037,-0.2409,-0.13938,-0.57431,-0.1979,-2.01956,-0.39157,0.15265,-0.02922,-0.70404,-0.13334,-0.14572,0.1048,-0.19033,-1.04756,0.0,0.0,-0.02565
06085512100,0.0033,0.04523,-0.00025,-0.1491,-0.02323,0.05618,-1.31346,-0.09937,0.04,0.01642,-0.60246,0.00263,-0.24457,0.01337,-0.07598,0.00843,-0.15367,0.02852,-0.00712,0.0,0.0,-0.19825,0.0,0.0,-0.4229,-0.97923,0.4515,-0.34843,-0.13021,-0.09504,-0.26664,-0.15848,-1.64914,-0.39157,0.40994,-0.02922,-0.65162,-0.10875,-0.27622,-0.45562,-0.19033,-0.92919,0.0,0.0,-0.02565
06075011700,0.0033,0.04523,-0.10757,0.02686,-0.0851,0.01512,-0.29411,-0.07479,-0.00195,-0.10057,0.25153,-0.22012,-0.27706,-0.03147,-0.07598,0.01093,-0.09661,0.02889,-0.00712,0.0,0.0,-0.19825,0.0,0.0,-0.4514,-1.16706,-0.54863,0.14813,0.09833,-0.15231,-0.57186,0.1659,-1.9987,-0.42637,-0.88682,-0.02922,-0.67164,-0.05087,-0.1327,0.09243,-0.20775,-0.90944,0.0,0.0,-0.02565
06085504308,0.0033,-0.08081,-0.03891,-0.1491,-0.15598,-0.04518,0.13772,-0.07609,0.04,-0.15872,-0.85005,-0.39876,0.04819,0.00331,-0.01485,0.01093,-0.17636,0.05116,-0.00712,0.0,0.0,0.12612,0.0,0.0,-0.40505,-1.07658,-0.73316,-0.06324,-0.32223,-0.16582,-0.3744,-0.1979,-2.03392,-0.34486,0.42234,0.02705,0.06865,0.03963,-0.32208,-0.45562,-0.20775,-0.99455,0.0,0.0,-0.02565
06085506605,0.0032,-0.08081,-0.03891,-0.10283,-0.01949,-0.09151,0.37901,-0.07609,-0.29945,-0.15872,-0.79523,-0.40213,0.06295,0.00331,0.05188,0.01093,-0.17636,0.0507,-0.00712,0.0,0.0,0.12612,0.0,0.0,-0.43355,-1.04741,-0.75847,0.10661,-0.32223,-0.16582,-0.28703,-0.1979,-2.12464,-0.42637,0.09733,0.02705,0.03534,0.05845,-0.31534,-0.45562,-0.20775,-0.92717,0.0,0.0,-0.02565
06085504101,0.0032,-0.03447,0.01978,-0.07193,0.06059,-0.04518,-1.18957,-0.0927,0.03685,0.02878,-0.66026,-0.13283,0.05947,0.00528,0.05188,0.00843,-0.18857,0.0383,-0.00712,0.0,0.0,-0.19825,0.0,0.0,-0.43355,-1.02212,-0.70894,-0.0587,-0.20766,-0.04663,-0.26788,-0.1979,-1.55374,0.20669,-0.6489,-0.02922,0.06865,0.05428,-0.4294,-0.43069,-0.20775,-0.68476,0.0,0.0,-0.02565
06085506305,0.0031,-0.08934,0.04411,-0.05913,-0.01949,0.05495,-1.3724,-0.0927,-0.4575,0.02878,0.02657,-0.00688,0.04819,0.00528,-0.01485,0.00843,-0.18246,0.0507,-0.00712,0.0,0.0,0.12612,0.0,0.0,-0.4514,-0.9734,-0.59573,0.14949,-0.19218,-0.04663,-0.26788,-0.1979,-1.7892,0.20669,-0.68093,-0.02922,-0.48401,-0.13129,-0.47139,-0.43069,0.14592,-0.84563,0.0,0.0,0.03644
06075016900,0.0031,0.04523,-0.05894,-0.15403,-0.09065,-0.00342,-0.26714,-0.26414,-0.01786,-0.15225,-0.73765,-0.35391,0.07387,0.01139,-0.07598,0.01093,-0.09126,0.02889,-0.00712,0.0,0.0,-0.19825,0.0,0.0,-0.4049,-1.05495,-0.18433,-0.11037,-0.15154,-0.15231,-0.65066,-0.1979,-2.01956,-0.42637,0.38895,-0.02922,-0.70404,-0.10255,-0.14676,0.1048,0.14592,-0.94153,0.0,0.0,-0.02565
06001410300,0.003,-0.08934,-0.13046,-0.08525,-0.0234,-0.09151,-1.3724,-0.1037,-0.52045,0.0123,0.20618,-0.06021,0.05911,0.01337,0.05188,0.00843,-0.23168,0.03096,-0.00712,0.0,0.0,-0.19825,0.0,0.0,-0.43355,-1.05808,-0.08519,-0.11009,-0.19218,-0.04663,-0.31642,-0.1979,-1.66015,-0.42637,-0.7189,0.02705,0.41623,0.05773,-0.31295,-0.30627,-0.20775,-0.88351,0.0,0.0,-0.02565
06075023300,0.003,-0.00235,0.04016,0.01127,-0.06042,-0.07298,0.22365,-0.06342,-0.47508,-0.10256,0.2339,-0.14129,-0.20954,0.00331,-0.07598,0.01093,-0.09433,-0.37309,-0.00712,0.0,0.0,0.05687,0.0,0.0,-0.4514,-1.10715,-0.58608,0.13793,-0.21282,-0.16582,-0.57186,0.1659,-1.92525,-0.34486,-0.7073,-0.02922,-0.61648,-0.12151,-0.45335,0.1458,-0.20775,-0.83174,0.0,0.0,-0.02565
06001400700,0.0029,-0.11293,-0.05894,-0.10283,-0.0851,-0.09151,-0.27697,-0.07609,-0.41276,-0.13032,-0.67593,0.01894,0.07423,0.00331,-0.07598,0.01093,-0.09354,0.02889,-0.00712,0.0,0.0,-0.19825,0.0,0.0,-0.4514,-0.98649,-0.62199,0.14813,-0.18915,-0.15231,-0.57682,-0.1979,-1.97158,0.20669,0.22243,-0.02922,-0.4873,-0.17035,-0.43027,-0.45562,0.14592,-0.73542,0.0,0.0,-0.02565
06085505007,0.0029,-0.08081,-0.02589,-0.1491,-0.01949,-0.09151,0.3132,-0.0927,-0.25711,0.01642,-0.85005,0.0255,-0.27706,0.00331,-0.07598,0.01093,-0.1356,0.03096,-0.00712,0.0,0.0,-0.19825,0.0,0.0,-0.40505,-0.9761,-0.72663,-0.06354,-0.24669,-0.15231,-0.64452,-0.1979,-2.0018,-0.42637,0.46221,-0.02922,0.35315,0.0527,-0.41935,-0.45562,-0.20775,-1.06792,0.0,0.0,-0.02565
06085512024,0.0028,-0.0835,-0.04592,-0.1491,-0.01949,-0.09151,0.21298,-0.07468,-0.25711,0.00102,-0.73743,-0.33938,-0.27787,0.00331,-0.07598,-0.09093,0.16891,0.0507,-0.00712,0.0,0.0,0.12612,0.0,0.0,-0.4514,-1.06988,-0.61139,-0.10063,-0.28854,-0.16582,-0.26776,-0.1979,-2.03185,-0.42637,0.11108,-0.02922,-0.55642,-0.13334,-0.37023,0.15752,-0.20775,-0.71889,0.0,0.0,-0.02565
06085512025,0.0028,0.05375,-0.03891,-0.07193,-0.0851,-0.04518,0.12456,-0.07609,0.02293,-0.13096,-0.79523,-0.15716,0.04819,0.00331,0.05188,0.01093,-0.17636,0.02889,-0.00712,0.0,0.0,-0.19825,0.0,0.0,-0.4514,-1.03102,-0.73316,-0.06491,-0.19777,-0.16582,-0.26788,-0.1979,-2.0117,0.20669,-0.69522,0.02705,0.06865,-0.04109,-0.32766,-0.43069,-0.20775,-1.07689,0.0,0.0,-0.02565
06001401800,0.0028,0.02164,-0.12139,0.01127,-0.01949,0.05495,-0.28424,-0.0927,-0.47018,0.0277,0.27622,-0.0014,0.07423,0.00331,0.05188,-0.09093,-0.13867,0.03096,-0.00712,0.0,0.0,-0.19825,0.0,0.0,-0.43355,-1.12228,-0.76051,0.10661,-0.27328,-0.15231,-0.57186,-0.1979,-1.88054,-0.42637,-0.85508,0.02705,0.05351,0.05773,-0.46218,-0.43069,-0.20775,-0.64513,0.0,0.0,-0.02565
06085511800,0.0028,-0.11293,0.00677,-0.04976,-0.16289,-0.04518,-1.20509,-0.07172,0.03685,-0.14385,-0.71508,-0.1366,-0.27787,0.00528,0.05188,-0.07011,-0.19576,0.04664,-0.00712,0.0,0.0,-0.1305,0.0,0.0,-0.35848,-0.99446,-0.70037,-0.10982,-0.29857,-0.04663,-0.34502,-0.1979,-1.55236,-0.42637,-0.71051,-0.02922,0.06865,0.05428,-0.35168,-0.30779,-0.20775,0.64611,0.0,0.0,-0.02565
06085501200,0.0027,-0.08934,0.01978,-0.1491,-0.01178,-0.09151,-1.52287,-0.0927,-0.25759,0.01642,-0.00477,0.00919,0.04819,0.00528,0.05188,0.00843,-0.22452,0.0383,-0.00712,0.0,0.0,-0.19825,0.0,0.0,-0.43355,-1.07316,-0.59084,-0.0587,-0.13021,-0.15231,-0.28703,-0.1979,-1.62195,-0.42637,0.10711,0.02705,0.09776,0.07151,-0.32389,-0.45562,-0.20775,-0.98881,0.0,0.0,-0.02565
06085503212,0.0027,-0.0835,-0.03891,-0.07193,-0.05812,0.05618,0.20211,-0.08578,0.02293,-0.13096,-0.85005,-0.05819,-0.3129,0.01139,-0.01485,-0.09093,-0.17407,0.0507,0.00543,0.0,0.0,0.12612,0.0,0.0,-0.4514,-1.015,-0.09617,-0.07194,-0.37945,-0.16582,-0.39479,-0.15848,-2.03244,-0.34486,-0.83072,-0.02922,0.04902,-0.05087,-0.41551,-0.30627,-0.20775,-0.66824,0.0,0.0,-0.02565
06085511913,0.0027,-0.0835,-0.03891,-0.1491,-0.16289,-0.04518,0.15249,-0.07172,0.04,-0.18065,-0.85005,-0.35901,0.05947,0.00331,0.05188,0.01093,-0.14278,0.05116,0.00543,0.0,0.0,0.12612,0.0,0.0,-0.4229,-1.06404,-0.75847,-0.10982,-0.37945,-0.16582,-0.65066,-0.1979,-1.90256,-0.42637,0.36266,-0.02922,0.00411,-0.15216,-0.42846,-0.33271,-0.20775,-0.69891,0.0,0.0,0.03644
06001409300,0.0027,-0.08934,-0.13046,-0.12896,-0.05812,-0.09151,-1.52886,-0.10239,-0.53403,-0.01546,0.23265,-0.11091,0.04819,0.00528,-0.07598,0.00843,-0.22224,0.03096,-0.00712,0.0,0.0,-0.19825,0.0,0.0,-0.40505,-0.98256,-0.76051,0.09822,-0.19218,-0.15231,-0.3225,-0.1979,-1.81189,-0.42637,0.42089,0.02705,0.33801,0.0527,-0.32066,-0.33119,-0.20775,-0.93417,0.0,0.0,-0.02565
06001404600,0.0027,-0.08934,0.00677,-0.05913,-0.15008,-0.09151,-1.1811,0.06715,-0.51382,-0.12448,-0.6172,-0.16013,-0.20954,-0.01202,0.05188,-0.08514,-0.18857,0.03143,-0.0485,0.0,0.0,-0.30294,0.0,0.0,-0.43355,-0.98873,-0.67549,-0.05074,-0.17367,-0.03188,-0.39265,-0.1979,0.35316,-0.46019,-0.82152,0.02705,0.06564,0.05428,-0.28741,-0.43069,-0.20775,-0.74525,0.0,0.0,-0.02565
06075020500,0.0026,0.05106,-0.05894,-0.07686,-0.16153,-0.04518,0.35362,-0.26414,0.03685,-0.12448,-0.79225,-0.15583,-0.34538,0.00331,-0.07598,-0.09093,-0.13201,0.03143,-0.00712,0.0,0.0,-0.19825,0.0,0.0,-0.4514,-1.12632,-0.57444,0.14142,-0.2479,-0.16582,-0.37314,-0.1979,-1.64285,-0.42637,-0.7209,-0.02922,-0.48429,-0.12151,-0.08662,0.09308,0.14592,-0.78086,0.0,0.0,-0.02565
06075015300,0.0026,0.05106,-0.03891,-0.10283,-0.09065,-0.09151,0.11043,-0.26414,-0.41276,-0.18065,-0.73373,-0.39743,-0.34538,0.00331,-0.07598,-0.09093,-0.13332,0.02889,-0.00712,0.0,0.0,-0.19825,0.0,0.0,-0.40505,-1.08995,-0.70133,0.09687,-0.26123,-0.15231,-0.62287,-0.1979,-1.87974,-0.34486,0.37421,-0.02922,0.31682,0.03963,-0.40932,0.1048,-0.20775,-0.78392,0.0,0.0,-0.02565
06075025200,0.0026,-0.0835,-0.05894,-0.1491,-0.06394,-0.04518,0.23476,0.14584,0.0239,-0.18065,-0.73765,-0.33938,-0.27787,0.00331,-0.07598,0.01093,-0.09354,-0.35169,-0.00712,0.0,0.0,0.05687,0.0,0.0,-0.4229,-1.10882,-0.58608,0.14568,-0.18701,-0.16582,-0.65066,-0.1979,-2.10629,-0.34486,0.37363,-0.02922,-0.53671,-0.15216,-0.42606,0.15752,-0.20775,-0.6935,0.0,0.0,-0.02565
06085501502,0.0025,-0.11293,-0.00025,-0.1491,-0.01949,-0.04518,-1.37809,-0.09704,0.02608,0.00102,-0.65728,-0.11746,0.07039,0.01337,0.05188,0.00843,-0.14651,0.03096,-0.00712,0.0,0.0,-0.19825,0.0,0.0,-0.4514,-0.978,-0.13853,-0.10063,-0.20766,-0.15231,-0.37565,-0.1979,-1.96215,0.20669,0.09223,-0.02922,-0.65162,-0.17035,-0.3995,-0.33119,0.14592,-0.73542,0.0,0.0,-0.02565
06085500300,0.0025,-0.11293,-0.00025,-0.06406,-0.08907,-0.09151,-1.28013,-0.09379,-0.49707,0.04418,-0.48784,-0.2889,-0.27787,-0.02407,-0.07598,-0.08514,-0.17764,0.0461,-0.0485,0.0,0.0,0.13855,0.0,0.0,-0.4514,-1.16886,-0.53331,-0.35176,-0.27328,-0.13756,-0.28488,-0.1979,0.44773,-0.46019,-0.90063,-0.02922,-0.56744,-0.13129,-0.4016,0.09243,0.2521,-0.61145,0.0,0.0,-0.02565
06085503703,0.0024,-0.08081,-0.02589,-0.1491,-0.05812,-0.09151,0.17038,-0.09805,-0.25711,0.01642,-0.85005,0.01894,0.04819,0.00331,0.05188,0.01093,-0.17407,0.0507,-0.00712,0.0,0.0,0.12612,0.0,0.0,-0.4514,-1.04741,-0.75847,-0.07194,-0.29694,-0.16582,-0.39479,-0.1979,-2.03372,-0.42637,0.18479,-0.02922,0.00411,-0.08994,-0.45298,-0.45562,-0.20775,-0.99455,0.0,0.0,-0.02565
06085502400,0.0024,-0.05989,-0.01326,-0.1491,-0.16153,-0.04518,-1.195,-0.26414,0.04,-0.15225,-0.70082,-0.19801,0.04819,-0.03784,-0.07598,0.00843,0.18632,0.05116,0.00543,0.0,0.0,0.12612,0.0,0.0,-0.4229,-0.98802,-0.59319,-0.1087,-0.17367,-0.04663,-0.33348,-0.1979,-1.70652,-0.42637,0.38972,-0.02922,-0.55642,-0.15216,-0.39998,0.21204,-0.20775,-0.94014,0.0,0.0,0.03644
06001422000,0.0024,0.02164,-0.01326,-0.05913,-0.15008,-0.09151,-1.28013,-0.06911,-0.49707,-0.10256,-0.48784,-0.22387,-0.27787,-0.02407,-0.07598,-0.08514,-0.14651,0.03143,-0.0485,0.0,0.0,-0.30294,0.0,0.0,-0.4514,-1.14654,-0.53539,-0.08782,-0.18915,-0.13756,-0.28488,-0.1979,0.43609,-0.32578,-0.90063,-0.02922,-0.56744,-0.05087,-0.44164,0.09243,0.14592,-0.65386,0.0,0.0,-0.02565
06085511910,0.0024,0.05375,-0.05894,-0.1491,-0.0851,-0.04518,0.35723,-0.01907,0.02608,-0.15872,-0.79225,-0.35524,-0.27706,0.00331,0.05188,-0.09093,-0.13429,0.02889,-0.00712,0.0,0.0,-0.19825,0.0,0.0,-0.4229,-0.92715,-0.584,-0.10199,-0.32223,-0.16582,-0.3744,-0.1979,-2.06355,-0.42637,0.41783,0.02705,-0.53094,-0.15216,-0.30054,-0.45562,0.2521,-1.01245,0.0,0.0,-0.02565
06085505100,0.0024,-0.11293,0.01978,-0.07193,-0.0851,-0.09151,-1.34124,-0.07468,-0.23875,0.04418,-0.00477,0.01072,-0.27787,-0.03243,-0.07598,-0.07011,-0.22452,0.02889,-0.00712,0.0,0.0,-0.19825,0.0,0.0,-0.43355,-1.06462,-0.67252,0.10525,-0.22486,-0.04663,-0.25924,-0.1979,-1.59324,-0.42637,-0.75738,-0.02922,0.33055,0.05773,-0.42491,0.1458,-0.20775,-0.70136,0.0,0.0,-0.02565
06001406300,0.0024,-0.11293,-0.13046,0.02085,0.05288,-0.09151,-1.6527,-0.0927,-0.57983,-6e-05,0.23265,0.00919,0.05947,0.00528,0.05188,0.00843,-0.18377,0.03096,-0.00712,0.0,0.0,-0.19825,0.0,0.0,-0.40505,-0.98223,-0.73424,0.10661,-0.15065,-0.04663,-0.6482,-0.1979,-1.81099,-0.42637,0.37824,-0.02922,0.05351,0.0527,-0.44377,-0.45562,-0.20775,-0.6924,0.0,0.0,-0.02565
06075040200,0.0024,-0.11293,-0.01326,-0.15403,-0.0907,0.01512,-1.20382,-0.04099,-0.00176,-0.13032,-0.65728,-0.18347,-0.27787,-0.03784,-0.07598,0.00843,-0.13688,0.02637,-0.00712,0.0,0.0,-0.19825,0.0,0.0,-0.4514,-1.09179,-0.52237,-0.30646,-0.16703,-0.04663,-0.01909,0.1659,-1.61867,-0.40779,0.11358,-0.02922,-0.50597,-0.13334,-0.08568,0.15752,-0.20775,-0.79051,0.0,0.0,-0.02565
06075025300,0.0024,-0.11293,-0.02589,-0.07686,-0.15598,-0.00342,-0.34601,-0.07468,-0.00491,0.02878,-0.85005,-0.15279,-0.34538,0.00331,-0.07598,0.01093,-0.1356,0.03143,-0.00712,0.0,0.0,-0.19825,0.0,0.0,-0.43355,-1.11184,-0.72663,0.10692,-0.18554,-0.15231,-0.56818,-0.1979,-1.73468,-0.42637,-0.69083,-0.02922,0.31984,0.05428,-0.15248,0.1458,-0.20775,-0.73985,0.0,0.0,-0.02565
06001406202,0.0024,-0.11293,-0.13046,0.031,-0.05812,-0.09151,-1.47424,-0.08003,-0.24648,-6e-05,-0.66026,0.0185,0.05947,0.00528,-0.07598,0.00843,-0.18629,0.03096,-0.00712,0.0,0.0,-0.19825,0.0,0.0,-0.4229,-1.09202,-0.76051,0.0649,-0.15065,-0.15231,-0.26664,-0.1979,-1.74654,-0.42637,0.44299,-0.02922,0.00411,-0.10875,-0.43913,0.15752,-0.20775,-0.6924,0.0,0.0,-0.02565
06085504411,0.0023,-0.08081,-0.03891,-0.1491,-0.01949,-0.04518,0.1756,-0.07609,0.02608,-0.15872,-0.85005,0.01894,0.04819,0.00331,0.05188,0.01093,-0.1356,0.0507,-0.00712,0.0,0.0,0.12612,0.0,0.0,-0.4514,-1.10463,-0.75847,-0.06354,-0.27198,-0.16582,-0.59597,-0.1979,-2.20769,-0.42637,0.22636,0.02705,0.00411,-0.17035,-0.32853,-0.45562,-0.20775,-1.05003,0.0,0.0,-0.02565
06085504321,0.0023,-0.08081,-0.05894,-0.1491,-0.01178,-0.04518,0.19821,-0.05807,0.04,-0.13032,-0.79225,-0.33938,-0.20954,0.00331,-0.07598,-0.09093,-0.06805,0.05803,0.00543,0.0,0.0,0.12612,0.0,0.0,-0.4229,-1.0865,-0.61139,-0.09578,-0.21282,-0.16582,-0.67231,-0.1979,-1.90532,-0.42637,0.37363,-0.02922,-0.55642,-0.15216,-0.43427,0.15752,-0.20775,-0.93493,0.0,0.0,-0.02565
06001424001,0.0022,-0.0835,0.04016,-0.05913,-0.0851,-0.09151,0.33349,-0.07479,-0.52045,-0.13096,0.01532,-0.28516,-0.38041,0.01139,0.05188,-0.09093,-0.13737,0.02889,-0.00712,0.0,0.0,-0.19825,0.0,0.0,-0.4514,-1.10084,-0.1759,-0.10199,-0.26123,-0.15231,-0.39479,-0.1979,-1.81148,-0.42637,-0.84359,-0.02922,-0.65135,-0.13129,-0.41551,0.09243,0.14592,-0.73326,0.0,0.0,-0.02565
06001406400,0.0022,0.02164,0.06414,-0.12896,-0.01949,-0.09151,-1.6009,-0.09704,-0.53403,0.00102,-0.08605,-0.11091,0.05947,0.00528,0.05188,0.00843,-0.18377,0.03096,-0.00712,0.0,0.0,-0.19825,0.0,0.0,-0.43355,-0.99829,-0.73424,0.10661,-0.20766,-0.04663,-0.56818,-0.1979,-1.81099,-0.42637,0.14476,-0.02922,0.32011,0.07151,-0.42704,-0.33119,-0.20775,-0.69578,0.0,0.0,-0.02565
06075010500,0.0022,-0.00504,-0.05894,-0.15403,-0.08922,-0.00342,0.21321,-0.06204,-0.01786,-0.13032,-0.68283,-0.33938,-0.27787,-0.03147,-0.07598,-0.09093,-0.16542,0.02889,-0.00712,0.0,0.0,-0.19825,0.0,0.0,-0.4514,-1.13044,-0.54659,-0.17898,-0.2479,-0.16582,-0.28703,-0.1979,-1.97944,-0.42637,0.11108,-0.02922,-0.58336,-0.05292,-0.08104,0.15752,-0.20775,-0.83152,0.0,0.0,-0.02565
06085503324,0.0022,0.05375,-0.05894,-0.1491,-0.01949,-0.04518,0.14294,-0.07609,0.02608,-0.15872,-0.79225,-0.35524,0.04819,0.00331,0.05188,0.01093,-0.13429,0.0507,-0.00712,0.0,0.0,0.12612,0.0,0.0,-0.4229,-1.01601,-0.64526,-0.10063,-0.19777,-0.16582,-0.3744,-0.1979,-2.20769,-0.42637,0.41783,0.02705,-0.53094,-0.15216,-0.32208,-0.45562,-0.20775,-1.05003,0.0,0.0,-0.02565
06013352202,0.0022,0.05106,-0.05894,-0.1491,-0.16153,-0.04518,0.21298,-0.10654,0.04,-0.15225,-0.79225,-0.35901,-0.3129,0.01139,-0.01485,-0.09093,-0.09126,0.03143,-0.00712,0.0,0.0,-0.19825,0.0,0.0,-0.4514,-1.04217,-0.17387,-0.1087,-0.27003,-0.16582,-0.57431,-0.1979,-1.82632,-0.42637,0.14169,-0.02922,-0.65162,-0.05292,-0.27084,-0.33271,0.14592,-0.79641,0.0,0.0,-0.02565
06075030900,0.0022,-0.11293,0.00677,-0.04976,-0.06394,-0.04518,-1.22464,-0.05807,0.02293,-0.09353,-0.71508,-0.10546,-0.27787,0.00528,-0.07598,0.00843,-0.14782,-0.35169,-0.00712,0.0,0.0,0.05687,0.0,0.0,-0.40598,-1.01684,-0.70037,-0.06736,-0.18915,-0.04663,-0.59597,-0.1979,-1.76837,-0.42637,-0.68311,-0.02922,0.00411,-0.04109,-0.48541,0.1458,0.14592,0.24262,0.0,0.0,0.03644
06075022803,0.0021,-0.11293,-0.00025,-0.15403,-0.0194,-0.09151,-1.33318,-0.07468,-0.26516,0.00102,0.20796,-0.18347,-0.27787,0.00528,-0.07598,-0.07011,-0.1417,-0.44874,-0.00712,0.0,0.0,0.05687,0.0,0.0,-0.4514,-1.06766,-0.56185,-0.1023,-0.18554,-0.04663,-0.55271,-0.1979,-1.68803,0.20669,0.11358,-0.02922,-0.7183,-0.13334,-0.16363,0.15752,-0.20775,-0.70009,0.0,0.0,-0.02565
06001405200,0.0021,-0.08934,-0.01326,-0.10283,-0.08907,-0.09151,-1.23007,-0.07849,-0.5274,-0.13032,-0.5594,-0.19934,-0.20954,-0.01202,-0.01485,-0.08514,-0.17764,0.02637,-0.0485,0.0,0.0,-0.30294,0.0,0.0,-0.4229,-0.9132,-0.58855,-0.35176,-0.17367,-0.13756,-0.37226,-0.1979,0.48981,-0.46019,0.42359,-0.02922,-0.53395,-0.15216,-0.42963,-0.45562,-0.20775,-0.86329,0.0,0.0,-0.02565
06085503211,0.0021,-0.08934,-0.02589,-0.07193,-0.05812,-0.04518,-0.30756,-0.10239,0.02293,0.04418,-0.85005,-0.05235,0.06295,0.00331,0.05188,0.01093,-0.17407,0.0507,0.00543,0.0,0.0,0.12612,0.0,0.0,-0.43355,-1.0804,-0.73424,0.09822,-0.2578,-0.04663,-0.39479,-0.1979,-2.08639,-0.42637,-0.84031,0.02705,0.03534,0.05773,-0.29219,-0.30627,-0.20775,-0.84563,0.0,0.0,-0.02565
06075021600,0.0021,-0.08934,0.00677,-0.07193,-0.08,-0.09151,-1.15154,-0.01339,-0.3749,-0.10256,-0.73353,-0.16013,-0.20954,-0.01202,0.05188,-0.08514,-0.14782,-0.3779,-0.0485,0.0,0.0,0.0693,0.0,0.0,-0.43355,-1.07011,-0.70176,-0.05411,-0.17367,-0.13756,-0.59382,-0.1979,0.38986,-0.46019,-0.79275,0.02705,0.06865,0.05428,-0.29205,-0.43069,-0.20775,-0.72222,0.0,0.0,-0.02565
06001405600,0.002,0.02164,0.05112,-0.08525,-0.01949,-0.09151,-1.38534,-0.07609,-0.52045,-0.10256,-0.08605,-0.00688,0.07039,0.01337,0.05188,0.00843,-0.18377,0.03096,-0.00712,0.0,0.0,-0.19825,0.0,0.0,-0.4514,-1.0789,-0.05277,0.10661,-0.18915,-0.15231,-0.59597,-0.1979,-1.67343,-0.42637,-0.63936,-0.02922,0.01598,-0.13129,-0.43606,-0.43069,0.14592,-0.64513,0.0,0.0,-0.02565
06085512005,0.002,-0.08081,-0.05894,-0.1491,-0.15598,-0.04518,0.20199,-0.07609,0.04,-0.15872,-0.73743,-0.35524,-0.20954,0.00331,-0.07598,0.01093,-0.13429,0.05116,0.00543,0.0,0.0,0.12612,0.0,0.0,-0.4229,-0.97587,-0.61139,-0.10032,-0.32223,-0.16582,-0.26664,-0.1979,-2.00763,-0.42637,0.41783,0.02705,-0.53094,-0.15216,-0.30054,-0.45562,-0.20775,-0.86755,0.0,0.0,-0.02565
06085504316,0.002,-0.08081,-0.03891,-0.07193,-0.01178,-0.04518,0.12685,-0.07609,0.03685,-0.10256,-0.85005,-0.05344,0.04819,0.00331,0.05188,0.01093,-0.1356,0.05803,-0.00712,0.0,0.0,0.12612,0.0,0.0,-0.4514,-1.09003,-0.75847,0.11146,-0.21282,-0.16582,-0.59597,-0.1979,-1.84799,-0.42637,-0.76488,0.02705,0.03534,-0.12151,-0.3323,-0.43069,-0.20775,-0.9439,0.0,0.0,-0.02565
06085504001,0.002,-0.08934,0.04411,-0.1491,-0.05041,-0.04518,-1.39497,-0.10239,0.04,0.01642,-0.60246,-0.11746,0.04819,0.00528,-0.07598,0.00843,-0.14423,0.05803,0.00543,0.0,0.0,0.12612,0.0,0.0,-0.4229,-0.99304,-0.6473,0.14594,-0.22777,-0.15231,-0.26664,-0.1979,-1.69693,-0.42637,0.40994,-0.02922,-0.48429,-0.18917,-0.45298,-0.33119,-0.20775,-0.84391,0.0,0.0,0.03644
06085503002,0.002,-0.00235,-0.03891,-0.07193,-0.01178,-0.04518,0.18883,-0.07609,0.03685,-0.13096,-0.79523,-0.19596,-0.20954,0.00331,-0.07598,0.01093,-0.17636,0.05803,0.00543,0.0,0.0,0.12612,0.0,0.0,-0.43355,-1.06372,-0.7246,-0.0587,-0.27198,-0.16582,-0.28703,-0.1979,-1.86054,-0.42637,-0.69813,0.02705,0.00411,0.05428,-0.28741,-0.43069,-0.20775,-0.93975,0.0,0.0,-0.02565
06001432300,0.0019,-0.08934,0.01978,-0.12896,-0.01949,-0.09151,-1.12725,-0.0927,-0.41276,0.01642,-0.54394,-0.24286,-0.20954,0.00528,-0.07598,-0.07011,-0.18857,0.03096,-0.00712,0.0,0.0,-0.19825,0.0,0.0,-0.40505,-0.90418,-0.72663,0.10661,-0.15356,-0.15231,-0.23885,-0.1979,-1.82361,-0.42637,0.37934,0.02705,0.31682,0.03963,-0.29731,-0.45562,-0.20775,-0.88956,0.0,0.0,-0.02565
06013354001,0.0019,0.02164,0.00677,-0.07193,-0.16153,-0.04518,-1.0762,-0.10654,0.03685,-0.15288,-0.71508,-0.1251,-0.3129,0.01337,0.05188,-0.07011,-0.14554,0.03143,-0.00712,0.0,0.0,-0.19825,0.0,0.0,-0.4514,-1.04924,-0.09613,-0.07162,-0.29857,-0.15231,-0.57431,-0.1979,-1.51154,-0.42637,-0.59582,-0.02922,0.11357,-0.04109,-0.27642,-0.30779,0.2521,-0.70474,0.0,0.0,-0.02565
06085503327,0.0019,-0.08081,-0.03891,-0.07193,-0.01949,-0.04518,0.19112,-0.07609,0.02293,-0.10256,-0.85005,-0.0014,-0.20954,0.00331,-0.01485,0.01093,-0.17636,0.0507,0.00543,0.0,0.0,0.12612,0.0,0.0,-0.43355,-0.99268,-0.69929,-0.06354,-0.21282,-0.16582,-0.39479,-0.1979,-2.17024,-0.34486,-0.86868,0.02705,0.06865,0.05773,-0.32076,-0.43069,-0.20775,-0.88428,0.0,0.0,0.03644
06085504415,0.0019,-0.08081,-0.03891,-0.1491,-0.01949,-0.04518,0.13772,-0.07609,0.02608,-0.13032,-0.85005,-0.39876,0.04819,0.00331,0.05188,0.01093,-0.1356,0.03096,-0.00712,0.0,0.0,-0.19825,0.0,0.0,-0.40505,-0.993,-0.75847,-0.06354,-0.21282,-0.16582,-0.67231,-0.1979,-2.17948,-0.42637,0.36717,0.02705,0.06865,0.03963,-0.32672,-0.45562,-0.20775,-1.07207,0.0,0.0,-0.02565
06075022802,0.0019,0.04523,-0.04592,-0.07193,-0.0851,-0.07298,-0.27801,-0.07599,-0.26026,0.02878,-0.79225,-0.12323,0.06295,0.00331,-0.01485,0.01093,-0.09354,0.02889,-0.00712,0.0,0.0,-0.19825,0.0,0.0,-0.4514,-1.01834,-0.62199,0.14813,-0.19218,-0.15231,-0.01909,0.1659,-1.87993,-0.32628,-0.78914,0.02705,-0.45932,-0.13129,-0.34694,-0.30627,-0.20775,-0.92314,0.0,0.0,-0.02565
06085502902,0.0019,-0.07079,-0.05894,-0.1491,-0.09065,-0.04518,0.26653,-0.10654,0.02608,-0.15225,-0.79225,-0.35901,-0.27706,0.00331,-0.07598,-0.09093,-0.13201,0.04862,0.00543,0.0,0.0,0.12612,0.0,0.0,-0.4229,-0.95447,-0.58812,-0.11037,-0.21282,-0.15231,-0.35275,-0.1979,-2.05228,-0.34486,0.41783,-0.02922,-0.53094,-0.07174,-0.42963,-0.33271,-0.20775,-0.93994,0.0,0.0,-0.02565
06075047701,0.0018,-0.08934,0.00677,-0.1491,-0.15598,-0.04518,-1.3356,-0.07609,0.04,-0.15872,-0.71508,-0.12834,0.04819,0.00528,-0.07598,0.00843,-0.11167,0.03143,-0.00712,0.0,0.0,-0.19825,0.0,0.0,-0.43355,-1.08165,-0.76051,0.10692,-0.28309,-0.15231,-0.55589,-0.1979,-1.7079,-0.42637,0.12543,0.02705,0.28333,0.05845,0.15795,-0.45562,-0.20775,-0.90642,0.0,0.0,-0.02565
06001409900,0.0018,-0.01088,0.00677,-0.10283,-0.15008,-0.09151,-1.17527,-0.07041,-0.45411,-0.13032,-0.6172,-0.20271,-0.20954,0.00528,0.05188,-0.08514,-0.14782,0.03143,-0.00712,0.0,0.0,-0.30294,0.0,0.0,-0.4514,-1.00687,-0.67549,-0.05074,-0.17367,-0.03188,-0.59382,-0.1979,-0.4328,-0.42637,0.14408,0.02705,0.00109,-0.13334,-0.29844,-0.45562,-0.20775,-0.86501,0.0,0.0,-0.02565
06001404000,0.0018,0.02164,0.03109,-0.06406,-0.15008,-0.09151,-1.32368,-0.01208,-0.49707,-0.10256,-0.54266,-0.28717,-0.27787,-0.01202,-0.07598,0.01024,-0.10576,0.03143,-0.0485,0.0,0.0,-0.30294,0.0,0.0,-0.43355,-1.09447,-0.5516,-0.08782,-0.16703,-0.13756,-0.59382,-0.1979,0.40206,-0.46019,-0.89702,-0.02922,-0.56744,0.05773,-0.10591,0.09243,-0.20775,-0.68897,0.0,0.0,-0.02565
06075020900,0.0018,-0.00504,0.07321,-0.07686,-0.05811,-0.00342,0.09195,-0.09536,-0.01883,0.02878,-0.79523,-0.28342,-0.34538,-0.03981,-0.07598,-0.09093,-0.20748,-0.3137,-0.00712,0.0,0.0,0.05687,0.0,0.0,-0.43355,-1.04689,-0.66184,-0.20349,-0.26642,-0.15231,-0.28703,-0.1979,-1.87377,-0.42637,-0.89436,-0.02922,0.00411,0.05773,-0.10127,0.09243,-0.20775,-0.69045,0.0,0.0,-0.02565
06075021800,0.0018,-0.11293,0.00677,-0.07193,-0.06948,-0.04518,-1.10576,-0.26414,0.02293,-0.12448,-0.71508,-0.1315,-0.27787,0.00528,0.05188,-0.07011,0.13783,-0.22615,-0.00712,0.0,0.0,-0.12222,0.0,0.0,-0.43355,-1.02667,-0.67506,-0.07575,-0.18915,-0.04663,-0.63833,-0.1979,-1.67147,0.20669,-0.633,-0.02922,0.12578,0.05428,-0.40377,0.09308,-0.20775,-0.63772,0.0,0.0,-0.02565
06075022901,0.0018,-0.11293,-0.00025,-0.07686,-0.01949,-0.04518,-1.20545,-0.0914,0.02293,0.02878,-0.646,-0.2889,0.05947,0.00528,-0.01485,0.00843,0.18404,0.03096,-0.00712,0.0,0.0,-0.19825,0.0,0.0,-0.4514,-1.08244,-0.58409,-0.10063,-0.18554,-0.04663,-0.26776,-0.1979,-1.78576,-0.42637,-0.71941,-0.02922,-0.55642,-0.13129,-0.05248,0.09243,0.14592,-0.71987,0.0,0.0,-0.02565
06001409200,0.0017,-0.01088,0.06414,-0.10283,-0.05812,-0.09151,-1.40951,-0.10239,-0.41276,0.01642,-0.59876,-0.11091,0.04819,0.00528,0.05188,0.00843,-0.14554,0.03096,-0.00712,0.0,0.0,-0.19825,0.0,0.0,-0.40505,-1.04058,-0.73424,0.09822,-0.2578,-0.04663,-0.64452,-0.1979,-1.79244,-0.42637,0.36573,0.02705,0.31682,0.0527,-0.31179,-0.33119,-0.20775,-0.9738,0.0,0.0,-0.02565
06075047600,0.0017,-0.11293,0.00677,-0.1491,-0.15598,-0.04518,-1.18428,-0.07609,0.04,-0.13032,-0.71508,-0.24286,-0.27787,0.00528,0.05188,-0.07011,-0.14782,0.03143,-0.00712,0.0,0.0,-0.19825,0.0,0.0,-0.40505,-0.96627,-0.70037,0.10692,-0.18915,-0.04663,-0.64452,-0.1979,-1.69406,-0.42637,0.3281,0.02705,0.31984,0.03963,-0.28023,-0.45562,-0.20775,-0.7554,0.0,0.0,-0.02565
06075025401,0.0017,-0.01088,0.00677,-0.07193,-0.08,-0.09151,-1.21423,-0.07041,-0.28225,-0.10256,-0.73353,-0.12133,0.04819,0.00528,0.05188,0.01024,-0.18857,-0.25236,-0.00712,0.0,0.0,-0.12222,0.0,0.0,-0.4514,-0.94035,-0.70894,0.11604,-0.17367,-0.04663,-0.37565,-0.1979,-1.28719,0.49434,-0.6374,-0.02922,-0.02921,-0.12151,-0.45675,-0.43069,-0.20775,-0.85612,0.0,0.0,-0.02565
06075026301,0.0016,-0.11293,-0.01326,-0.09806,-0.02566,-0.04518,-1.33847,-0.06473,0.04444,-0.10256,-0.00179,-0.10546,0.07039,0.01337,0.05188,0.00843,-0.14886,0.02621,-0.00712,0.0,0.0,-0.19825,0.0,0.0,-0.4514,-1.09094,-0.11226,-0.2711,-0.18915,-0.04663,-0.59597,-0.1979,-1.71264,-0.34486,-0.6215,-0.02922,-0.64091,-0.12151,-0.42141,0.1458,-0.20775,-0.64513,0.0,0.0,-0.02565
06001404800,0.0016,0.02164,0.00677,-0.14271,-0.0851,-0.09151,-1.31115,0.06147,-0.39918,-0.14385,-0.59876,-0.13283,0.05947,0.00528,0.05188,0.00843,0.13555,0.02889,-0.00712,0.0,0.0,-0.19825,0.0,0.0,-0.38813,-1.06727,-0.7352,0.10525,-0.25015,-0.15231,-0.67913,-0.1979,-1.62377,-0.34486,-0.68181,-0.02922,0.08945,0.05428,-0.52771,-0.40502,-0.20775,0.19604,0.0,0.0,-0.02565
06075020300,0.0015,0.04523,-0.05894,-0.07686,-0.0851,-0.04518,-0.32231,0.07949,0.02075,-0.15288,-0.68283,-0.14129,-0.27706,-0.03981,-0.07598,-0.09093,-0.13429,0.02889,-0.00712,0.0,0.0,-0.19825,0.0,0.0,-0.44749,-1.07695,-0.54863,-0.10199,-0.15672,-0.15231,-0.28703,-0.1979,-1.88008,-0.42637,-0.74,-0.02922,-0.58336,-0.10632,-0.09484,0.1458,0.14592,-0.91364,0.0,0.0,-0.02565
06085512027,0.0015,-0.0835,-0.05894,-0.07686,-0.01949,-0.04518,0.22034,-0.07479,0.02293,-0.12193,-0.73743,-0.22012,-0.27787,-0.03147,-0.07598,-0.09093,-0.13429,0.0507,-0.00712,0.0,0.0,0.12612,0.0,0.0,-0.4514,-1.09992,-0.58354,-0.10063,-0.2391,-0.16582,-0.28703,-0.1979,-2.03463,-0.42637,-0.918,-0.02922,-0.53094,-0.05087,-0.17921,0.09243,-0.20775,-0.63828,0.0,0.0,-0.02565
06085503602,0.0015,-0.08934,-0.02589,-0.07193,-0.05812,0.05618,-0.3148,-0.09805,0.02293,0.04418,-0.85005,0.00098,-0.27706,0.00331,0.05188,-0.09093,-0.17407,0.0507,-0.00712,0.0,0.0,0.12612,0.0,0.0,-0.4514,-1.04074,-0.70133,0.09822,-0.22777,-0.15231,-0.39479,-0.15848,-2.01708,-0.34486,-0.80234,0.02705,-0.02921,-0.13129,-0.27065,-0.43069,-0.20775,-0.73364,0.0,0.0,-0.02565
06085504002,0.0015,-0.08934,0.05317,-0.07193,-0.05812,-0.04518,-0.29717,-0.10239,0.02293,0.02878,-0.79225,-0.05819,0.06295,0.00331,0.05188,0.01093,-0.13201,0.0507,0.00543,0.0,0.0,0.12612,0.0,0.0,-0.4514,-0.99752,-0.62104,0.1411,-0.19218,-0.04663,-0.39479,-0.1979,-2.04048,-0.42637,-0.83072,-0.02922,-0.48429,-0.13129,-0.47139,-0.30627,-0.20775,-0.84563,0.0,0.0,0.03644
06001406900,0.0015,-0.11293,-0.01326,-0.03696,-0.0851,-0.09151,-1.31115,-0.05807,-0.39918,-0.12193,-0.54096,-0.10546,0.05947,0.00528,0.05188,0.00843,-0.10576,0.0441,-0.00712,0.0,0.0,-0.1305,0.0,0.0,-0.37634,-1.15219,-0.6473,-0.10199,-0.25015,-0.15231,-0.56784,-0.1979,-1.63996,-0.42637,-0.67031,-0.02922,-0.53395,-0.12151,-0.48781,0.1458,-0.20775,0.66947,0.0,0.0,-0.02565
06001432200,0.0015,-0.11293,0.04411,-0.03696,-0.01949,-0.09151,-1.30106,-0.0914,-0.39918,0.03781,-0.54096,-0.2889,-0.3129,0.01337,-0.07598,0.00843,-0.10576,0.04617,-0.00712,0.0,0.0,-0.1305,0.0,0.0,-0.37634,-1.01684,-0.14964,-0.10063,-0.20766,-0.04663,-0.56784,-0.1979,-1.70902,-0.42637,-0.72665,-0.02922,-0.65463,-0.13129,-0.47393,0.09243,-0.20775,0.64611,0.0,0.0,-0.02565
06075025600,0.0014,-0.08934,0.00677,-0.1491,-0.01178,-0.02664,-1.38017,-0.07609,0.04,-0.15872,-0.71508,-0.08482,0.04819,0.00528,0.05188,0.00843,-0.14782,0.0383,-0.00712,0.0,0.0,-0.19825,0.0,0.0,-0.4229,-1.0893,-0.73424,-0.0587,-0.25306,-0.04663,-0.67231,0.1659,-1.69837,-0.42637,0.34189,0.02705,0.00411,-0.15216,-0.31998,-0.45562,-0.20775,-0.92143,0.0,0.0,-0.02565
06075047902,0.0014,0.04523,0.00677,-0.07193,-0.15598,-0.04518,-1.11752,-0.07609,0.03685,-0.10256,-0.71508,-0.14863,0.04819,0.00528,0.05188,0.00843,-0.14782,0.03143,-0.00712,0.0,0.0,-0.19825,0.0,0.0,-0.4514,-1.06706,-0.73312,0.10692,-0.17367,-0.15231,-0.59597,-0.1979,-1.57034,-0.42637,-0.58723,0.02705,0.03534,-0.04109,-0.31359,-0.43069,0.2521,-0.85576,0.0,0.0,-0.02565
06001427100,0.0014,-0.11293,-0.01326,-0.07193,-0.15598,-0.04518,-1.0762,0.14584,0.03685,-0.12448,-0.65728,-0.10546,-0.27787,0.00528,-0.07598,-0.07011,-0.10576,0.03143,-0.00712,0.0,0.0,-0.19825,0.0,0.0,-0.4514,-1.08772,-0.58812,0.1498,-0.18915,-0.15231,-0.55516,-0.1979,-1.54942,0.20669,-0.6215,-0.02922,-0.48429,-0.12151,-0.43163,0.1458,-0.20775,-0.70474,0.0,0.0,-0.02565
06001409600,0.0014,-0.08934,-0.13046,0.02085,-0.05812,-0.09151,-1.54387,-0.10239,-0.57983,-6e-05,-0.08605,-0.11695,0.04819,0.00528,0.05188,0.00843,-0.22224,0.03096,-0.00712,0.0,0.0,-0.19825,0.0,0.0,-0.4229,-1.00709,-0.76051,0.09822,-0.15356,-0.15231,-0.3744,-0.1979,-1.81189,-0.42637,0.4074,0.02705,0.03561,-0.10875,-0.32677,-0.33119,-0.20775,-0.94918,0.0,0.0,-0.02565
06085504307,0.0013,-0.0835,-0.05894,-0.1491,-0.0236,-0.04518,0.20316,-0.08006,0.02608,-0.15872,-0.79225,-0.06514,0.05947,0.00331,-0.01485,0.01093,-0.12466,0.03096,-0.00712,0.0,0.0,-0.19825,0.0,0.0,-0.4514,-1.05591,-0.64526,-0.17761,-0.26123,-0.16582,-0.59597,-0.1979,-2.08681,-0.42637,0.21684,-0.02922,-0.53094,-0.05292,-0.42846,-0.45562,-0.20775,-0.76394,0.0,0.0,-0.02565
06085511907,0.0013,-0.08081,-0.03891,-0.1491,-0.0851,-0.04518,0.19821,-0.07609,0.02608,-0.13032,-0.85005,-0.35524,-0.20954,0.00331,0.05188,-0.09093,-0.1356,0.02889,-0.00712,0.0,0.0,-0.19825,0.0,0.0,-0.4229,-0.95286,-0.7246,-0.06491,-0.21282,-0.16582,-0.67231,-0.1979,-2.06355,-0.42637,0.36266,-0.02922,0.00411,-0.15216,-0.30518,-0.45562,-0.20775,-1.01245,0.0,0.0,-0.02565
06085505006,0.0013,-0.07079,-0.05894,-0.1491,-0.0851,-0.04518,0.1972,-0.05807,0.0239,-0.13032,-0.73765,-0.33938,-0.20954,-0.03147,-0.07598,0.01093,-0.09354,0.02889,-0.00712,0.0,0.0,-0.19825,0.0,0.0,-0.4229,-1.03778,-0.58354,-0.10199,-0.21282,-0.16582,-0.67231,-0.1979,-2.07308,-0.42637,0.37363,-0.02922,-0.58336,-0.15216,-0.43427,0.15752,-0.20775,-1.01746,0.0,0.0,-0.02565
06001407500,0.0013,0.04523,-0.13046,0.02085,0.05288,0.05495,-1.52886,-0.0927,-0.51689,-0.01546,-0.08605,0.00263,0.04819,0.00528,0.05188,0.00843,-0.18377,0.03096,-0.00712,0.0,0.0,-0.19825,0.0,0.0,-0.4229,-0.97224,-0.76051,0.10661,-0.19218,-0.15231,-0.67231,-0.1979,-1.81099,-0.42637,0.36336,0.02705,-0.02893,-0.18917,-0.47112,-0.45562,-0.20775,-0.93417,0.0,0.0,-0.02565
06075021500,0.0013,-0.11293,0.00677,-0.07193,-0.06837,-0.04518,-1.18963,-0.06204,0.02293,-0.13096,-0.66026,-0.05282,-0.27787,0.00528,0.05188,-0.07011,-0.2197,0.02521,-0.00712,0.0,0.0,-0.19825,0.0,0.0,-0.43355,-1.11334,-0.70037,-0.2427,-0.25015,-0.04663,-0.28703,-0.1979,-1.58248,-0.42637,-0.70664,-0.02922,0.06865,0.05428,-0.42699,0.1458,0.14592,-0.70136,0.0,0.0,-0.02565
06085511905,0.0012,0.05375,-0.05894,-0.1491,-0.08922,-0.04518,0.2072,-0.08006,0.02608,-0.15872,-0.79225,-0.35524,-0.20954,0.00331,-0.01485,0.01093,-0.12466,0.04862,-0.00712,0.0,0.0,0.12612,0.0,0.0,-0.4229,-1.03574,-0.58608,-0.17898,-0.19777,-0.16582,-0.67231,-0.1979,-2.13352,-0.34486,0.36266,-0.02922,-0.53094,-0.15216,-0.43427,-0.45562,-0.20775,-0.99041,0.0,0.0,0.03644
06085511912,0.0012,-0.08081,-0.05894,-0.07193,-0.0851,0.05618,0.17983,-0.07609,0.02293,-0.13096,-0.79225,-0.18446,-0.20954,0.00331,0.05188,-0.09093,-0.09354,0.04862,-0.00712,0.0,0.0,0.12612,0.0,0.0,-0.44749,-1.02349,-0.61139,-0.10199,-0.32223,-0.16582,-0.59597,-0.15848,-2.00292,-0.42637,-0.66415,0.02705,-0.53094,-0.10632,-0.29205,-0.43069,0.14592,-0.81689,0.0,0.0,-0.02565
06001408500,0.0012,-0.11293,-0.13046,-0.08525,-0.05812,-0.09151,-1.41489,-0.10239,-0.52045,0.0277,0.23265,-0.06021,0.05947,0.00528,0.05188,0.00843,-0.18148,0.03096,-0.00712,0.0,0.0,-0.19825,0.0,0.0,-0.43355,-1.02833,-0.70894,0.09822,-0.27328,-0.04663,-0.57186,-0.1979,-1.66725,-0.34486,-0.67733,-0.02922,0.05351,0.05773,-0.46218,-0.30627,-0.20775,-0.64513,0.0,0.0,-0.02565
06075017000,0.0012,-0.11293,0.00677,-0.1491,-0.09065,-0.00342,-1.18428,-0.10654,-0.01568,-0.15225,-0.71508,-0.24663,-0.27787,0.00528,0.05188,-0.07011,-0.14554,0.02889,-0.00712,0.0,0.0,-0.19825,0.0,0.0,-0.43355,-0.95815,-0.70037,-0.07329,-0.18915,-0.04663,-0.54652,-0.1979,-1.79547,-0.42637,0.10713,0.02705,0.35315,0.05845,-0.40932,-0.33271,-0.20775,-0.7554,0.0,0.0,-0.02565
06075013200,0.0012,-0.03447,0.00677,-0.07193,-0.09065,-0.00342,-1.19209,-0.10654,-0.01883,-0.12448,-0.71508,-0.00892,0.05947,0.00528,-0.07598,0.00843,-0.14554,0.02889,-0.00712,0.0,0.0,-0.19825,0.0,0.0,-0.43355,-1.01834,-0.70781,-0.07329,-0.18915,-0.15231,-0.57431,-0.1979,-1.71058,-0.34486,-0.69013,-0.02922,0.06865,0.05773,-0.44868,-0.30779,0.2521,-0.68476,0.0,0.0,-0.02565
06085503321,0.0012,-0.08081,-0.05894,-0.1491,-0.01906,-0.04518,0.16666,-0.08002,0.02608,-0.15872,-0.79597,-0.10115,0.05947,0.00331,-0.01485,0.01093,0.12565,0.03096,-0.00712,0.0,0.0,-0.19825,0.0,0.0,-0.4514,-1.05591,-0.64526,-0.11244,-0.32223,-0.16582,-0.67913,-0.1979,-2.13357,-0.42637,0.22636,-0.02922,-0.55642,-0.17035,-0.4024,-0.33119,-0.20775,-0.93235,0.0,0.0,-0.02565
06085500600,0.0012,-0.0835,-0.04592,-0.07193,-0.06837,-0.09151,0.20211,-0.07864,-0.26244,0.02878,-0.68283,0.01273,-0.27787,-0.03981,-0.07598,-0.09093,-0.16542,0.04494,0.00543,0.0,0.0,0.12612,0.0,0.0,-0.4514,-1.0776,-0.58354,-0.27979,-0.28854,-0.16582,-0.28703,-0.1979,-1.76612,-0.42637,-0.85639,-0.02922,-0.58336,-0.13129,-0.44164,0.1458,-0.20775,-0.66824,0.0,0.0,-0.02565
06085506603,0.0012,-0.08081,-0.03891,-0.07193,-0.0851,-0.04518,0.12456,-0.07609,0.02293,-0.13096,-0.79523,-0.15716,0.04819,0.00331,0.05188,0.01093,-0.17636,0.02889,-0.00712,0.0,0.0,-0.19825,0.0,0.0,-0.4514,-1.05514,-0.75847,-0.06491,-0.19777,-0.16582,-0.28703,-0.1979,-1.97286,-0.42637,-0.69522,0.02705,0.00411,-0.12151,-0.32766,-0.43069,-0.20775,-1.00951,0.0,0.0,-0.02565
06001426200,0.0012,-0.08934,0.00677,-0.1491,-0.09065,-0.04518,-1.21106,-0.10654,0.02608,-0.18065,-0.71508,-0.24663,0.04819,0.00528,0.05188,0.00843,-0.14554,0.02889,-0.00712,0.0,0.0,-0.19825,0.0,0.0,-0.43355,-1.03293,-0.76051,-0.07329,-0.17885,-0.15231,-0.57431,-0.1979,-1.85522,-0.42637,0.10713,0.02705,0.06865,0.05845,-0.32672,-0.33271,0.14592,-0.98881,0.0,0.0,-0.02565
06001403800,0.0011,-0.11293,-0.05894,-0.06406,-0.09065,-0.09151,-0.328,-0.26414,-0.39918,-0.12448,-0.67593,-0.15583,0.07423,0.00331,-0.07598,0.01093,-0.09126,0.02889,-0.00712,0.0,0.0,-0.19825,0.0,0.0,-0.4514,-1.16383,-0.6473,0.13975,-0.16703,-0.15231,-0.57431,-0.1979,-1.75023,-0.42637,-0.66652,-0.02922,-0.4873,-0.12151,-0.17161,0.09308,0.14592,-0.71987,0.0,0.0,-0.02565
06001404700,0.0011,0.02164,0.00677,-0.1491,-0.09065,-0.09151,-1.18428,-0.10654,-0.25711,-0.18065,-0.71508,-0.24663,-0.27787,0.00528,0.05188,-0.07011,-0.1863,0.02889,-0.00712,0.0,0.0,-0.19825,0.0,0.0,-0.40505,-0.95241,-0.70037,-0.07329,-0.29857,-0.04663,-0.35275,-0.1979,-1.66369,-0.42637,0.38326,-0.02922,0.06865,0.03963,-0.42142,-0.33271,-0.20775,-0.7554,0.0,0.0,-0.02565
06085504315,0.0011,-0.08081,-0.03891,-0.07193,-0.15598,-0.04518,0.12685,-0.07609,0.03685,-0.10256,-0.85005,0.00098,0.04819,0.00331,0.05188,0.01093,-0.1356,0.03143,-0.00712,0.0,0.0,-0.19825,0.0,0.0,-0.4514,-1.09003,-0.75847,-0.06324,-0.21282,-0.16582,-0.59597,-0.1979,-1.78059,-0.42637,-0.76077,0.02705,0.00411,-0.13129,-0.29683,-0.43069,-0.20775,-0.95403,0.0,0.0,-0.02565
06085502909,0.0011,-0.0835,-0.02589,-0.07193,-0.0236,-0.04518,0.20211,-0.09536,0.02293,0.02878,-0.85005,-0.28516,-0.27787,0.00331,-0.01485,-0.09093,-0.20748,0.03096,-0.00712,0.0,0.0,-0.19825,0.0,0.0,-0.4514,-1.12632,-0.7246,-0.14053,-0.28854,-0.16582,-0.39479,-0.1979,-1.85365,-0.42637,-0.85639,-0.02922,0.00411,-0.05087,-0.44164,0.09243,-0.20775,-0.74575,0.0,0.0,-0.02565
06075026002,0.0011,-0.01088,0.01978,-0.07193,-0.01426,-0.09151,-1.16461,-0.0951,-0.28225,0.04418,-0.71508,-0.00104,0.04819,0.00528,-0.01485,0.00843,-0.2197,0.0383,-0.00712,0.0,0.0,-0.19825,0.0,0.0,-0.43355,-1.08088,-0.76051,-0.18099,-0.15356,-0.15231,-0.36701,-0.1979,-1.37608,-0.42637,-0.70333,0.02705,0.35315,0.05773,-0.27546,-0.43069,-0.20775,-0.93816,0.0,0.0,-0.02565
06001409500,0.001,-0.08934,-0.13046,-0.12896,-0.05812,-0.09151,-1.54387,-0.10239,-0.53403,-6e-05,0.23265,-0.04587,0.04819,0.00528,-0.01485,0.00843,-0.22224,0.03096,-0.00712,0.0,0.0,-0.19825,0.0,0.0,-0.43355,-1.085,-0.76051,-0.07194,-0.22777,-0.15231,-0.37068,-0.1979,-1.76598,-0.42637,0.10318,-0.02922,0.08682,0.07151,-0.46648,-0.33119,-0.20775,-0.94918,0.0,0.0,-0.02565
06075021200,0.001,0.04523,-0.05894,-0.07193,-0.06805,-0.04518,-0.28551,0.12386,0.02293,-0.12448,-0.73743,-0.15716,0.06295,0.00331,-0.01485,0.01093,-0.16542,-0.22615,-0.00712,0.0,0.0,-0.12222,0.0,0.0,-0.4514,-1.00985,-0.6473,-0.18143,-0.17367,-0.15231,-0.26537,-0.1979,-1.85493,-0.42637,-0.69522,-0.02922,-0.53094,-0.12151,-0.45675,-0.43069,0.14592,-0.78873,0.0,0.0,-0.02565
06001426100,0.001,-0.08934,-0.01326,-0.17523,-0.16153,-0.04518,-1.11224,-0.10654,0.04,-0.06798,-0.65728,-0.20648,-0.20954,0.00528,-0.01485,-0.07011,-0.10348,0.03143,-0.00712,0.0,0.0,-0.19825,0.0,0.0,-0.4229,-0.9786,-0.61343,-0.1087,-0.17367,-0.15231,-0.65066,-0.1979,-1.6491,-0.42637,0.33261,0.02705,-0.53094,-0.07174,-0.31194,-0.33271,0.14592,-0.76724,0.0,0.0,-0.02565
06075021000,0.001,-0.00235,-0.05894,-0.07193,-0.09065,-0.00342,0.33885,-0.26414,-0.01883,-0.12448,-0.79225,-0.15583,-0.27706,0.00331,-0.01485,-0.09093,-0.09126,0.02889,-0.00712,0.0,0.0,-0.19825,0.0,0.0,-0.4514,-1.0861,-0.61139,0.13975,-0.21282,-0.16582,-0.57431,-0.1979,-1.83512,-0.42637,-0.67933,-0.02922,-0.48429,-0.12151,-0.43985,0.09308,-0.20775,-0.89441,0.0,0.0,-0.02565
06075012700,0.001,-0.11293,-0.01326,-0.07193,-0.16153,-0.00342,-1.0762,-0.26414,-0.00491,-0.12448,-0.65728,-0.12,-0.3129,0.01337,0.05188,-0.07011,-0.10348,0.03143,-0.00712,0.0,0.0,-0.19825,0.0,0.0,-0.4514,-1.11184,-0.06452,-0.1087,-0.18915,-0.15231,-0.57431,-0.1979,-1.50447,-0.34486,-0.6215,-0.02922,-0.65162,-0.12151,-0.40551,0.09308,0.2521,-0.70474,0.0,0.0,-0.02565
06075026402,0.001,-0.08934,0.00677,-0.07193,-0.02179,-0.09151,-1.1496,-0.07609,-0.26026,-0.10256,-0.71508,-0.00277,0.04819,0.00528,0.05188,0.00843,-0.14782,-0.24754,-0.00712,0.0,0.0,-0.12222,0.0,0.0,-0.4514,-0.99422,-0.7352,0.10344,-0.17367,-0.15231,-0.57682,-0.1979,-1.66581,0.20669,-0.62379,0.02705,-0.02921,-0.13129,-0.29683,-0.43069,-0.20775,-0.78873,0.0,0.0,-0.02565
06075023102,0.001,0.05375,-0.10468,-0.05151,-0.06042,-0.09151,0.1044,-0.10239,-0.53312,0.0123,-0.27204,-0.12323,0.06295,0.00331,0.05188,0.01093,-0.13332,-0.24754,-0.00712,0.0,0.0,-0.12222,0.0,0.0,-0.4514,-0.95783,-0.77155,-0.07511,-0.23133,-0.15231,-0.57186,-0.1979,-1.80948,-0.42637,-0.81712,-0.02922,-0.01233,-0.13129,-0.48954,-0.30627,-0.20775,-0.91475,0.0,0.0,-0.02565
06075035202,0.001,-0.11293,0.00677,-0.07686,-0.02145,-0.04518,-1.1759,-0.07446,0.02293,-0.10256,-0.75862,-0.2889,0.05947,0.00528,0.05188,0.00843,0.19738,-0.24754,-0.00712,0.0,0.0,-0.12222,0.0,0.0,-0.4514,-1.10326,-0.76051,-0.10088,-0.18915,-0.15231,-0.67913,-0.1979,-1.66608,-0.42637,-0.67784,-0.02922,0.06123,-0.05087,-0.23553,0.09243,-0.20775,-0.65284,0.0,0.0,-0.02565
06001407200,0.001,-0.11293,0.04411,-0.09806,-0.05812,-0.09151,-1.46669,-0.09675,-0.23875,0.04418,-0.00179,-0.2889,0.05947,0.00528,-0.07598,0.00843,-0.18018,0.03096,-0.00712,0.0,0.0,-0.19825,0.0,0.0,-0.4514,-1.10476,-0.62104,-0.10902,-0.15065,-0.04663,-0.39479,-0.1979,-1.62842,-0.42637,-0.71941,-0.02922,-0.52023,-0.13129,-0.45754,0.09243,0.14592,-0.64175,0.0,0.0,-0.02565
06075047702,0.001,0.04523,0.00677,-0.07193,-0.1601,-0.04518,-1.2985,-0.08439,0.05836,-0.13096,-0.0596,-0.12524,0.04819,0.00528,0.05188,0.00843,-0.21489,0.03143,-0.00712,0.0,0.0,-0.19825,0.0,0.0,-0.43355,-1.08938,-0.76051,-0.14022,-0.28309,-0.15231,-0.59597,-0.1979,-1.54302,-0.42637,-0.69013,0.02705,0.07937,0.05773,-0.34694,-0.30627,-0.20775,-0.92314,0.0,0.0,-0.02565
06001404200,0.001,-0.01088,0.00677,-0.1491,-0.09065,-0.09151,-1.11224,-0.10654,-0.25711,-0.18065,-0.71508,-0.24999,-0.20954,0.00528,-0.07598,-0.07011,-0.14554,0.02889,-0.00712,0.0,0.0,-0.19825,0.0,0.0,-0.40505,-0.9522,-0.72663,-0.07329,-0.28309,-0.15231,-0.62287,-0.1979,-1.7096,-0.42637,0.32473,0.02705,0.35315,0.03963,-0.28171,-0.33271,-0.20775,-0.84679,0.0,0.0,-0.02565
06085505700,0.001,-0.08934,-0.01326,-0.07193,-0.0851,-0.04518,-1.2297,-0.05807,0.04444,-0.13096,0.22068,0.00899,-0.20954,0.00528,-0.01485,-0.07011,-0.1417,0.02889,-0.00712,0.0,0.0,-0.19825,0.0,0.0,-0.4514,-1.08544,-0.58812,0.14813,-0.25306,-0.15231,-0.57186,-0.1979,-1.76114,-0.34486,-0.67784,-0.02922,-0.55191,-0.13129,-0.45449,0.1458,-0.20775,-0.81115,0.0,0.0,-0.02565
06085504102,0.001,-0.08934,-0.00025,-0.1491,-0.05812,-0.04518,-1.3356,-0.09805,0.02608,0.00102,-0.60246,0.00263,0.04819,0.00528,-0.07598,0.00843,-0.14423,0.03096,-0.00712,0.0,0.0,-0.19825,0.0,0.0,-0.4514,-0.978,-0.62199,-0.10902,-0.19218,-0.15231,-0.26788,-0.1979,-1.91714,0.20669,0.09223,-0.02922,-0.53094,-0.17035,-0.45298,-0.45562,-0.20775,-0.9738,0.0,0.0,-0.02565
06001408600,0.001,-0.08934,0.04411,-0.12896,-0.05812,-0.09151,-1.59678,-0.10239,-0.53403,0.01642,0.19422,-0.11746,0.04819,0.00528,-0.01485,0.00843,-0.13942,0.03096,-0.00712,0.0,0.0,-0.19825,0.0,0.0,-0.4514,-1.02061,-0.59573,0.1411,0.15113,-0.04663,-0.57186,-0.1979,-1.80481,-0.34486,0.12987,-0.02922,-0.56235,-0.17035,-0.44427,-0.33119,-0.20775,-0.94918,0.0,0.0,-0.02565
06001404400,0.0009,-0.11293,-0.05894,-0.1491,-0.0851,-0.04518,-0.32763,-0.01907,0.02608,-0.13032,-0.79225,-0.35524,-0.34538,0.00331,0.05188,0.01093,-0.13429,0.02889,-0.00712,0.0,0.0,-0.19825,0.0,0.0,-0.4229,-0.88186,-0.61343,-0.10199,-0.18915,-0.15231,-0.3744,-0.1979,-2.06451,-0.42637,0.41783,-0.02922,-0.53094,-0.15216,-0.42142,-0.45562,-0.20775,-0.7554,0.0,0.0,-0.02565
06075025800,0.0009,0.04523,0.05112,-0.03178,-0.05812,-0.09151,-1.2404,-0.08144,-0.24648,-0.13032,-0.71508,-0.19934,0.04819,0.00528,0.05188,0.00843,-0.14554,0.03096,-0.00712,0.0,0.0,-0.19825,0.0,0.0,-0.4229,-0.89841,-0.74624,-0.07194,-0.17367,-0.15231,-0.67231,-0.1979,-1.78537,-0.34486,0.34568,0.02705,0.00411,-0.15216,-0.46931,-0.45562,-0.20775,-0.93417,0.0,0.0,-0.02565
06075025100,0.0009,-0.03447,-0.01326,-0.07193,-0.06394,-0.04518,-1.16008,0.14584,0.02293,-0.15288,-0.65728,-0.04132,-0.27787,0.00528,-0.01485,-0.07011,-0.10576,-0.35169,-0.00712,0.0,0.0,0.05687,0.0,0.0,-0.4514,-1.06132,-0.58812,-0.10445,-0.25015,-0.15231,-0.55516,-0.1979,-1.79336,0.20669,-0.65357,-0.02922,-0.53094,-0.12151,-0.43163,0.1458,-0.20775,-0.61095,0.0,0.0,-0.02565
06001407700,0.0009,-0.08934,-0.03891,-0.10283,-0.08922,-0.09151,-0.26714,-0.08006,-0.41276,-0.15872,-0.73373,-0.35524,0.06295,0.00331,0.05188,0.01093,-0.16673,0.02889,-0.00712,0.0,0.0,-0.19825,0.0,0.0,-0.4229,-0.99234,-0.7352,-0.14189,-0.28309,-0.15231,-0.67231,-0.1979,-1.97073,-0.34486,0.35874,0.02705,0.06564,-0.15216,-0.32672,-0.45562,-0.20775,-0.9738,0.0,0.0,-0.02565
06001407800,0.0009,0.04523,0.01978,-0.08525,-0.08922,-0.09151,-1.31351,-0.09667,-0.52045,0.04418,0.23265,-0.06868,0.04819,0.00528,-0.01485,0.00843,-0.21489,0.02889,-0.00712,0.0,0.0,-0.19825,0.0,0.0,-0.43355,-1.04066,-0.76051,-0.14189,-0.15356,-0.15231,-0.57186,-0.1979,-1.60352,-0.42637,-0.62659,-0.02922,0.08682,0.05428,-0.3458,-0.43069,-0.20775,-0.89852,0.0,0.0,-0.02565
06001441503,0.0009,-0.06734,-0.05894,-0.1491,-0.0851,-0.04518,0.1997,-0.07609,0.0239,-0.13032,-0.73765,-0.35524,-0.27787,-0.03147,-0.07598,0.01093,-0.09354,0.02889,-0.00712,0.0,0.0,-0.19825,0.0,0.0,-0.4229,-0.95286,-0.58354,-0.10199,-0.27003,-0.16582,-0.67231,-0.1979,-2.07308,-0.42637,0.36266,-0.02922,-0.58336,-0.07174,-0.42606,-0.45562,-0.20775,-0.79528,0.0,0.0,-0.02565
06001404501,0.0009,0.04523,0.00677,-0.1491,-0.09202,-0.09151,-1.19152,-0.07172,-0.25711,-0.18065,-0.66026,-0.24663,0.04819,0.00528,0.05188,-0.07011,-0.19576,0.02889,-0.00712,0.0,0.0,-0.19825,0.0,0.0,-0.43355,-1.02444,-0.76051,-0.11149,-0.25306,-0.15231,-0.26537,-0.1979,-1.69539,-0.42637,0.06555,0.02705,0.06865,0.05845,-0.32208,-0.33271,-0.20775,-0.98881,0.0,0.0,-0.02565
06001428200,0.0009,-0.08934,-0.05894,-0.1491,-0.0851,-0.09151,-0.25626,-0.07609,-0.25711,-0.13032,-0.79225,0.01945,-0.27706,0.00331,0.05188,-0.09093,-0.09354,0.02889,-0.00712,0.0,0.0,-0.19825,0.0,0.0,-0.4229,-0.92988,-0.61343,-0.10199,-0.17367,-0.15231,-0.67231,-0.1979,-1.93177,-0.42637,0.43621,0.02705,-0.53094,-0.18917,-0.29637,-0.45562,-0.20775,-0.84679,0.0,0.0,-0.02565
06075013300,0.0009,-0.11293,-0.01326,-0.07193,-0.09281,-0.04518,-1.10576,-0.07172,0.03685,-0.12448,-0.65728,-0.1366,-0.3129,0.01337,-0.07598,-0.07011,-0.15369,-0.25236,-0.00712,0.0,0.0,-0.12222,0.0,0.0,-0.43355,-1.0061,-0.12225,-0.15028,-0.18915,-0.04663,-0.37314,-0.1979,-1.45491,-0.42637,-0.6489,-0.02922,-0.65162,0.05428,-0.40087,-0.30779,0.2521,-0.63772,0.0,0.0,-0.02565
06085501300,0.0009,-0.11293,0.01978,-0.09806,-0.0851,-0.09151,-1.41362,-0.03568,-0.23875,0.04418,-0.0596,-0.12133,0.05947,0.00528,0.05188,0.00843,-0.18377,0.02889,-0.00712,0.0,0.0,-0.19825,0.0,0.0,-0.4514,-1.02833,-0.73424,-0.06491,-0.1273,-0.04663,-0.59597,-0.1979,-1.60438,-0.42637,-0.59582,-0.02922,0.01482,-0.12151,-0.44754,-0.43069,-0.20775,-0.64175,0.0,0.0,-0.02565
06001408900,0.0009,-0.08934,-0.11375,-0.05151,-0.05812,-0.09151,-1.3055,-0.10239,-0.53312,0.0277,-0.18615,-0.06021,0.04819,0.00528,-0.01485,0.00843,-0.14554,0.03096,-0.00712,0.0,0.0,-0.19825,0.0,0.0,-0.43355,-1.03613,-0.74529,-0.07194,-0.13021,-0.04663,-0.54407,-0.1979,-1.67433,-0.42637,-0.7181,0.02705,0.33672,0.05773,-0.34371,-0.30627,-0.20775,-0.89852,0.0,0.0,-0.02565
06001405500,0.0009,-0.03447,0.05112,-0.08525,-0.01178,-0.09151,-1.20443,-0.07609,-0.42117,-0.13096,-0.59876,-0.00515,-0.27787,0.00528,0.05188,-0.07011,-0.14782,0.0383,-0.00712,0.0,0.0,-0.19825,0.0,0.0,-0.43355,-1.04924,-0.69924,0.11146,-0.17594,-0.15231,-0.59597,-0.1979,-1.4052,-0.42637,-0.67733,-0.02922,0.03233,0.05773,-0.45978,-0.43069,0.2521,-0.66173,0.0,0.0,-0.02565
06085503707,0.0009,-0.11293,-0.00025,-0.07193,0.05288,-0.09151,-1.22164,-0.0914,-0.0264,0.02878,-0.60246,-0.2889,0.05947,0.00528,0.05188,0.00843,-0.14651,0.03096,-0.00712,0.0,0.0,-0.19825,0.0,0.0,-0.4514,-1.08244,-0.62104,0.14949,-0.20766,-0.04663,-0.28703,-0.1979,-1.76769,-0.42637,-0.71941,-0.02922,-0.48429,-0.13129,-0.44404,0.09243,-0.20775,-0.68476,0.0,0.0,-0.02565
06001408400,0.0009,-0.08934,0.06414,-0.05913,-0.05812,-0.09151,-1.3724,-0.10239,-0.52045,0.02878,-0.08605,-0.05783,0.04819,0.00528,0.05188,0.00843,-0.18148,0.03096,-0.00712,0.0,0.0,-0.19825,0.0,0.0,-0.4514,-1.06658,-0.73424,0.09822,-0.19218,-0.04663,-0.59597,-0.1979,-1.67433,-0.42637,-0.61098,0.02705,0.03561,-0.05087,-0.29683,-0.30627,-0.20775,-0.85576,0.0,0.0,-0.02565
06001409100,0.0008,0.04523,0.06414,-0.05913,-0.0234,-0.09151,-1.2235,-0.1037,-0.39918,0.04418,-0.54394,-0.12697,0.04819,0.00528,0.05188,0.00843,-0.19573,0.03096,-0.00712,0.0,0.0,-0.19825,0.0,0.0,-0.4514,-1.01984,-0.73424,-0.11009,-0.2578,-0.04663,-0.28703,-0.1979,-1.64071,-0.42637,-0.68093,0.02705,0.06564,-0.13129,-0.3423,-0.30627,-0.20775,-0.92314,0.0,0.0,-0.02565
06001423901,0.0008,0.05375,-0.05894,-0.05913,-0.0851,-0.09151,0.08543,-0.05807,-0.39918,-0.13096,-0.62111,0.01273,-0.27706,0.00331,-0.07598,-0.09093,-0.13429,0.02889,-0.00712,0.0,0.0,-0.19825,0.0,0.0,-0.4514,-1.12977,-0.61343,-0.10199,-0.07837,-0.15231,-0.28703,-0.1979,-1.74831,-0.42637,-0.84359,-0.02922,-0.53395,-0.05087,-0.44985,0.1458,-0.20775,-1.01727,0.0,0.0,-0.02565
06075035201,0.0008,-0.08934,-0.01326,-0.07193,-0.02352,-0.04518,-1.10034,-0.08006,0.03685,-0.13096,-0.65728,-0.00277,-0.20954,0.00528,-0.01485,0.00843,-0.10073,-0.3232,-0.00712,0.0,0.0,-0.12222,0.0,0.0,-0.4514,-1.04924,-0.58812,-0.17929,-0.17885,-0.15231,-0.58368,-0.1979,-1.56295,-0.34486,-0.62379,0.02705,-0.5081,-0.13129,0.24526,-0.43069,0.14592,-0.74412,0.0,0.0,-0.02565
06075030400,0.0008,-0.11293,0.00677,-0.07193,-0.06394,-0.04518,-1.19209,-0.08043,0.02293,-0.10256,-0.66026,-0.12524,0.05947,0.00528,-0.01485,0.00843,-0.18857,-0.22615,-0.00712,0.0,0.0,-0.12222,0.0,0.0,-0.43355,-1.00985,-0.76051,-0.06736,-0.18915,-0.15231,-0.28703,-0.1979,-1.69144,-0.42637,-0.7317,-0.02922,0.06865,0.05773,-0.44404,-0.30627,-0.20775,-0.61773,0.0,0.0,-0.02565
06075030101,0.0008,-0.08934,-0.01326,-0.07193,-0.15598,-0.04518,-1.24924,-0.07609,0.05079,-0.13096,-0.01451,-0.00277,-0.20954,0.00528,-0.07598,0.00843,-0.1417,0.03143,-0.00712,0.0,0.0,-0.19825,0.0,0.0,-0.44749,-1.04924,-0.58604,0.03652,-0.25306,-0.15231,-0.59597,-0.1979,-1.58978,-0.42637,-0.64289,0.02705,-0.63996,-0.1161,-0.27529,-0.43069,0.2521,-0.81115,0.0,0.0,-0.02565
06075025403,0.0008,-0.11293,0.01978,-0.1491,-0.0194,-0.09151,-1.24855,-0.0927,-0.2791,0.00102,-0.71508,-0.24286,0.05947,0.00528,0.05188,-0.07011,-0.14782,-0.3232,-0.00712,0.0,0.0,-0.12222,0.0,0.0,-0.43355,-1.04701,-0.73424,-0.06522,-0.20766,-0.04663,-0.59597,-0.1979,-1.55282,-0.42637,0.10713,-0.02922,0.06865,0.05845,-0.42846,-0.45562,-0.20775,-0.66839,0.0,0.0,-0.02565
06075035400,0.0008,-0.05989,0.00677,-0.1491,-0.0194,0.05618,-1.2262,-0.07609,0.04,-0.15872,-0.71508,-0.19934,0.04819,0.00528,0.05188,0.00843,-0.14782,-0.3232,-0.00712,0.0,0.0,-0.12222,0.0,0.0,-0.4514,-1.06933,-0.73424,-0.06522,-0.17885,-0.04663,-0.59597,-0.15848,-1.70843,-0.42637,0.10262,0.02705,0.00411,-0.13334,-0.32672,-0.45562,-0.20775,-0.89826,0.0,0.0,-0.02565
06001428100,0.0008,-0.08934,-0.01326,-0.1491,-0.0851,-0.09151,-1.13178,-0.01907,-0.25711,-0.13032,-0.65728,-0.20271,-0.20954,0.00528,-0.07598,0.00843,-0.10576,0.02889,-0.00712,0.0,0.0,-0.19825,0.0,0.0,-0.4229,-0.90576,-0.58812,-0.10199,-0.17367,-0.15231,-0.65316,-0.1979,-1.80724,0.20669,0.32022,0.02705,-0.53094,-0.07174,-0.29844,-0.45562,-0.20775,-0.84679,0.0,0.0,-0.02565
06085503601,0.0008,-0.01088,-0.00025,-0.07193,-0.05041,-0.04518,-1.34306,-0.09805,0.05079,0.04418,-0.01451,-0.00688,0.04819,0.00528,-0.07598,0.00843,-0.18018,0.0383,-0.00712,0.0,0.0,-0.19825,0.0,0.0,-0.4514,-1.06856,-0.62104,-0.10418,-0.22777,-0.04663,-0.39479,-0.1979,-1.53524,-0.42637,-0.69374,0.02705,-0.63996,-0.13129,-0.3423,-0.43069,-0.20775,-0.93816,0.0,0.0,-0.02565
06085501800,0.0008,-0.08934,-0.00025,-0.07193,-0.01949,-0.04518,-1.11752,-0.0927,0.02293,0.02878,-0.60246,-0.14863,0.04819,0.00528,-0.01485,0.00843,-0.14651,0.0507,0.00543,0.0,0.0,0.12612,0.0,0.0,-0.4514,-1.00985,-0.6473,-0.10063,-0.19218,-0.15231,-0.28703,-0.1979,-1.92115,-0.42637,-0.6288,0.02705,-0.53094,-0.12151,-0.30895,-0.43069,-0.20775,-0.77825,0.0,0.0,0.03644
06001428301,0.0008,-0.08081,-0.05894,-0.07193,-0.0851,-0.04518,0.19112,-0.07609,0.02075,-0.10256,-0.73765,-0.00313,-0.20954,-0.03981,-0.07598,0.01093,-0.09354,0.02889,-0.00712,0.0,0.0,-0.19825,0.0,0.0,-0.44749,-1.00117,-0.55615,-0.10199,-0.21282,-0.16582,-0.59597,-0.1979,-1.92696,-0.42637,-0.80824,-0.02922,-0.58336,-0.1161,-0.45449,-0.43069,0.2521,-0.89441,0.0,0.0,-0.02565
06001410200,0.0008,0.04523,0.06414,-0.05913,-0.02566,-0.07298,-1.11014,-0.1037,-0.39918,0.02878,-0.59876,-0.12697,-0.20954,0.00528,0.05188,-0.07011,-0.15498,0.02621,-0.00712,0.0,0.0,-0.19825,0.0,0.0,-0.4514,-0.9782,-0.72663,-0.23401,-0.19218,-0.15231,-0.59597,0.1659,-1.37434,-0.42637,-0.63936,0.02705,0.06564,-0.13129,-0.3254,-0.30627,-0.20775,-0.86352,0.0,0.0,-0.02565
06001407600,0.0007,-0.02975,0.06414,-0.08525,-0.0236,-0.09151,-1.29141,-0.101,-0.39918,0.04418,-0.59876,-0.12697,0.05947,0.00528,0.05188,0.00843,-0.17894,0.03096,-0.00712,0.0,0.0,-0.19825,0.0,0.0,-0.4514,-1.0889,-0.73424,-0.14053,-0.06803,-0.04663,-0.59597,-0.1979,-1.42691,-0.42637,-0.63936,-0.02922,0.00109,-0.13129,-0.46218,-0.30627,-0.20775,-0.63187,0.0,0.0,-0.02565
06085500500,0.0007,-0.08934,-0.01326,-0.1491,-0.0851,-0.04518,-1.13178,0.06147,0.02608,-0.15225,-0.65728,-0.20271,-0.20954,0.00528,-0.07598,0.00843,-0.14651,0.04862,0.00543,0.0,0.0,0.12612,0.0,0.0,-0.4514,-0.97047,-0.61343,-0.10199,-0.17367,-0.15231,-0.50344,-0.1979,-1.98966,-0.42637,0.09925,0.02705,-0.53094,-0.05292,-0.2938,-0.45562,-0.20775,-0.76928,0.0,0.0,0.03644
06075023003,0.0007,-0.01088,0.00677,-0.05913,-0.02179,-0.09151,-1.16461,-0.08043,-0.39918,-0.13096,-0.59876,-0.05783,0.04819,0.00528,0.05188,0.00843,-0.14782,-0.24754,-0.00712,0.0,0.0,-0.12222,0.0,0.0,-0.4514,-1.04066,-0.76051,-0.06671,-0.17885,-0.15231,-0.59597,-0.1979,-1.62697,-0.42637,-0.61098,0.02705,0.06564,-0.05087,-0.29683,-0.30627,0.14592,-0.87113,0.0,0.0,-0.02565
06075030700,0.0007,-0.08934,-0.01326,-0.1491,-0.0851,-0.04518,-1.29636,-0.01907,0.02608,-0.15872,-0.65728,0.00314,-0.20954,0.00528,0.05188,-0.07011,-0.10576,0.02889,-0.00712,0.0,0.0,-0.19825,0.0,0.0,-0.4514,-0.98047,-0.58716,-0.10199,-0.17885,-0.04663,-0.59597,-0.1979,-1.88633,-0.42637,0.12268,0.02705,-0.53094,-0.17035,-0.29637,-0.45562,0.14592,-0.86181,0.0,0.0,-0.02565
06075032700,0.0007,-0.08934,-0.01326,-0.07193,-0.02699,-0.04518,-1.1496,-0.08006,0.02293,-0.10256,-0.60246,-0.00277,0.04819,0.00528,0.05188,0.00843,-0.17764,-0.19853,-0.00712,0.0,0.0,-0.12222,0.0,0.0,-0.4514,-1.05857,-0.6473,-0.25095,-0.17367,-0.15231,-0.28703,-0.1979,-1.64103,-0.42637,-0.66536,0.02705,-0.53094,-0.13129,-0.29219,-0.43069,0.14592,-0.78873,0.0,0.0,-0.02565
06001400800,0.0007,-0.08934,-0.01326,-0.10283,-0.0851,-0.09151,-1.3745,-0.05807,-0.47599,-0.13032,-0.03215,-0.18347,0.04819,0.00528,-0.07598,0.00843,-0.1417,0.02889,-0.00712,0.0,0.0,-0.19825,0.0,0.0,-0.4229,-1.10318,-0.62104,-0.10199,-0.17367,-0.04663,-0.67231,-0.1979,-1.74193,-0.42637,0.33063,-0.02922,-0.5848,-0.15216,-0.45581,0.15752,-0.20775,-0.9738,0.0,0.0,-0.02565
06001408200,0.0007,-0.11293,0.06414,-0.12896,-0.01949,-0.09151,-1.42245,-0.0927,-0.41276,0.00102,-0.59876,0.00263,0.05947,0.00528,0.05188,0.00843,-0.14782,0.03096,-0.00712,0.0,0.0,-0.19825,0.0,0.0,-0.4514,-1.01061,-0.76051,0.10661,-0.20766,-0.2018,-0.59597,-0.1979,-1.74205,-0.42637,0.12987,-0.02922,-0.03222,-0.17035,-0.44377,-0.45562,-0.20775,-0.69578,0.0,0.0,-0.02565
06001404300,0.0007,-0.01088,0.00677,-0.07193,-0.16153,-0.04518,-1.06327,-0.10654,0.03685,-0.15288,-0.71508,-0.1251,-0.20954,0.00528,0.05188,-0.07011,-0.14554,0.03143,-0.00712,0.0,0.0,-0.19825,0.0,0.0,-0.4514,-1.03691,-0.67506,-0.07162,-0.28309,-0.04663,-0.57431,-0.1979,-1.55038,-0.34486,-0.59582,0.02705,0.00411,-0.04109,-0.31076,-0.30779,-0.20775,-0.86352,0.0,0.0,-0.02565
06001404900,0.0007,-0.11293,-0.05894,-0.07193,-0.0851,-0.09151,-0.40159,-0.05807,-0.26026,-0.13096,-0.73743,-0.14129,-0.38041,0.01139,-0.01485,-0.09093,-0.13429,0.02889,-0.00712,0.0,0.0,-0.19825,0.0,0.0,-0.4514,-1.13751,-0.1759,-0.10199,-0.17594,-0.15231,-0.28703,-0.1979,-1.74831,-0.42637,-0.7209,-0.02922,-0.65162,-0.12151,-0.40087,0.1458,-0.20775,-0.70136,0.0,0.0,-0.02565
06085504201,0.0006,-0.08934,-0.01326,-0.07193,-0.01949,-0.09151,-1.07828,-0.07609,-0.26026,-0.13096,-0.60246,-0.12133,-0.20954,0.00528,0.05188,-0.07011,-0.14651,0.03096,-0.00712,0.0,0.0,-0.19825,0.0,0.0,-0.4514,-1.06486,-0.56185,-0.10063,-0.17885,-0.04663,-0.26788,-0.1979,-1.67617,0.20669,-0.6374,0.02705,-0.53094,-0.12151,-0.30612,-0.43069,-0.20775,-0.87853,0.0,0.0,-0.02565
06085502701,0.0006,-0.08934,0.00677,-0.07193,-0.0236,-0.04518,-1.1299,-0.08006,0.02293,-0.13096,-0.71508,-0.06868,-0.20954,-0.03784,-0.07598,0.00843,-0.2197,0.0507,-0.00712,0.0,0.0,0.12612,0.0,0.0,-0.43355,-0.9797,-0.67252,-0.14053,-0.25306,-0.04663,-0.39479,-0.1979,-1.81593,-0.42637,-0.68097,-0.02922,0.00411,0.05428,-0.43521,-0.43069,-0.20775,-0.80102,0.0,0.0,-0.02565
06085502500,0.0006,-0.02975,-0.01326,-0.07193,-0.0851,-0.04518,-1.10783,0.06147,0.02293,-0.15288,-0.60246,-0.12133,-0.27787,0.00528,-0.07598,-0.07011,-0.14651,0.04862,0.00543,0.0,0.0,0.12612,0.0,0.0,-0.4514,-0.9797,-0.58716,-0.10199,-0.25015,-0.04663,-0.28703,-0.1979,-1.79235,-0.42637,-0.6374,-0.02922,-0.53094,-0.12151,-0.42699,-0.43069,-0.20775,-0.61397,0.0,0.0,0.03644
06075021700,0.0006,-0.08081,-0.05894,-0.05913,-0.06394,-0.09151,0.27495,-0.07609,-0.39918,-0.10256,-0.67593,-0.15716,0.06295,0.00331,-0.01485,0.01093,-0.13429,-0.22615,-0.00712,0.0,0.0,-0.12222,0.0,0.0,-0.4514,-1.03374,-0.6473,-0.10445,-0.21282,-0.15231,-0.39479,-0.1979,-1.81583,-0.42637,-0.68242,0.02705,-0.53395,-0.12151,-0.32766,-0.43069,-0.20775,-0.95439,0.0,0.0,-0.02565
06075030800,0.0006,-0.11293,-0.01326,-0.07193,-0.06394,-0.04518,-1.12782,-0.00105,0.02075,-0.10256,-0.60267,0.00899,-0.27787,-0.03784,-0.07598,0.00843,-0.14651,-0.22615,-0.00712,0.0,0.0,-0.12222,0.0,0.0,-0.4514,-1.05463,-0.58558,0.14568,-0.18915,-0.15231,-0.39479,-0.1979,-1.69144,-0.42637,-0.71941,-0.02922,-0.53671,-0.13129,-0.44164,0.1458,-0.20775,-0.63772,0.0,0.0,-0.02565
06075030302,0.0006,-0.03447,-0.01326,-0.07193,-0.0851,-0.04518,-1.16001,-0.07609,0.02293,-0.10256,-0.65728,-0.12133,0.05947,0.00528,0.05188,0.00843,-0.10576,0.02889,-0.00712,0.0,0.0,-0.19825,0.0,0.0,-0.4514,-1.01834,-0.62199,-0.10199,-0.18915,-0.15231,-0.59597,-0.1979,-1.75554,-0.34486,-0.59582,-0.02922,-0.53094,-0.12151,-0.43404,-0.43069,0.14592,-0.68476,0.0,0.0,-0.02565
06075026100,0.0006,-0.02975,-0.01326,-0.08528,-0.01949,-0.04518,-1.11028,-0.05807,0.02293,-0.10256,-0.65728,-0.10546,0.05947,0.00528,-0.07598,0.00843,-0.10576,0.03096,-0.00712,0.0,0.0,-0.19825,0.0,0.0,-0.4514,-1.10326,-0.6473,-0.10063,-0.18915,-0.15231,-0.59597,-0.1979,-1.78576,-0.42637,-0.6215,-0.02922,-0.53094,-0.12151,-0.38979,0.1458,-0.20775,-0.70579,0.0,0.0,-0.02565
06075035300,0.0006,-0.11293,-0.01326,-0.1491,-0.06394,-0.04518,-1.34338,-0.05807,0.02608,-0.13032,-0.65728,0.0185,-0.27787,0.00528,-0.07598,0.00843,-0.10576,-0.22615,-0.00712,0.0,0.0,-0.12222,0.0,0.0,-0.4514,-1.09179,-0.58716,-0.10445,-0.18915,-0.04663,-0.59597,-0.1979,-1.78028,-0.42637,0.14477,-0.02922,-0.53094,-0.17035,-0.42786,0.15752,-0.20775,-0.68837,0.0,0.0,-0.02565
06001400600,0.0006,0.04523,0.00677,-0.05913,-0.0851,-0.09151,-1.18544,-0.07609,-0.39918,-0.13096,-0.59876,-0.12133,0.04819,0.00528,0.05188,0.00843,-0.14782,0.02889,-0.00712,0.0,0.0,-0.19825,0.0,0.0,-0.4514,-1.0889,-0.73424,-0.06491,0.12584,-0.04663,-0.59597,-0.1979,-1.63084,-0.42637,-0.58302,0.02705,0.00109,-0.12151,-0.30545,-0.43069,-0.20775,-0.93816,0.0,0.0,-0.02565
06001410100,0.0006,0.02164,0.05112,-0.08525,-0.01949,-0.09151,-1.23644,-0.07609,-0.39918,-0.10256,-0.59876,-0.00515,0.05947,0.00528,0.05188,0.00843,-0.14782,0.03096,-0.00712,0.0,0.0,-0.19825,0.0,0.0,-0.43355,-1.0789,-0.76051,-0.06354,-0.18915,-0.15231,-0.59597,-0.1979,-1.65399,-0.42637,-0.67733,-0.02922,0.06564,0.05773,-0.46218,-0.43069,-0.20775,-0.64513,0.0,0.0,-0.02565
06085503001,0.0006,-0.11293,0.00677,-0.07193,-0.09065,-0.04518,-1.10828,-0.06865,0.02293,-0.12448,-0.71508,-0.08852,-0.27787,0.00528,-0.01485,-0.07011,-0.14554,0.04862,0.00543,0.0,0.0,0.12612,0.0,0.0,-0.4514,-1.03876,-0.72663,-0.07329,-0.18915,-0.15231,-0.57431,-0.1979,-1.74739,-0.42637,-0.65216,-0.02922,0.00411,-0.05087,-0.44628,-0.26781,-0.20775,-0.62723,0.0,0.0,0.03644
06001427300,0.0006,-0.08934,-0.01326,-0.12896,-0.06837,-0.09151,-1.13178,-0.08006,-0.39601,-0.15872,-0.52421,-0.20271,-0.24457,-0.0688,-0.07598,0.00843,-0.10073,0.02521,-0.00712,0.0,0.0,-0.19825,0.0,0.0,-0.4229,-1.01276,-0.1871,-0.27979,-0.28309,-0.15231,-0.66003,-0.1979,-1.69674,-0.42637,0.31629,0.02705,-0.66528,-0.15216,0.23473,-0.45562,-0.20775,-0.80716,0.0,0.0,-0.02565
06001408300,0.0006,-0.11293,0.00677,-0.10283,-0.01949,-0.09151,-1.23854,-0.07609,-0.41276,-0.13032,-0.59876,-0.19934,0.05947,0.00528,0.05188,0.00843,-0.14782,0.03096,-0.00712,0.0,0.0,-0.19825,0.0,0.0,-0.4514,-1.01061,-0.76051,0.0733,-0.18915,-0.15231,-0.59597,-0.1979,-1.79155,-0.42637,0.09869,-0.02922,0.00109,-0.13334,-0.42846,-0.45562,-0.20775,-0.73542,0.0,0.0,-0.02565
06001410400,0.0005,-0.08934,-0.00025,-0.12896,-0.05812,-0.09151,-1.11224,-0.09805,-0.41276,0.00102,-0.54096,-0.19934,-0.20954,0.00528,0.05188,-0.07011,-0.10347,0.03096,-0.00712,0.0,0.0,-0.19825,0.0,0.0,-0.4229,-0.92988,-0.61343,0.1411,-0.19218,-0.15231,-0.67231,-0.1979,-1.73269,-0.42637,0.31966,0.02705,-0.4873,-0.15216,-0.44777,-0.45562,-0.20775,-0.87454,0.0,0.0,-0.02565
06075030301,0.0005,-0.08934,0.00677,-0.07193,-0.0859,-0.04518,-1.15589,-0.07609,0.03685,-0.13096,-0.71508,-0.14863,0.04819,0.00528,0.05188,0.00843,-0.14782,-0.25236,-0.00712,0.0,0.0,-0.12222,0.0,0.0,-0.4514,-1.14994,-0.76051,-0.06661,-0.1555,-0.15231,-0.59597,-0.1979,-1.57383,-0.42637,-0.58723,0.02705,0.00411,-0.04109,-0.31359,-0.43069,-0.20775,-0.80375,0.0,0.0,-0.02565
06075023001,0.0005,-0.11293,-0.01326,-0.07686,0.05057,0.00984,-1.41614,-0.07479,-0.24632,-0.13096,-0.01451,-0.22387,0.05947,0.00528,-0.07598,0.00843,-0.1417,-0.24754,-0.00712,0.0,0.0,-0.12222,0.0,0.0,-0.4514,-1.12558,-0.6473,-0.1038,-0.15259,-0.2018,-0.59597,-0.15848,-1.55101,-0.42637,-0.67784,-0.02922,-0.63996,-0.13129,-0.2634,0.09243,-0.20775,-0.64946,0.0,0.0,-0.02565
06001400400,0.0005,-0.08934,0.00677,-0.05913,-0.16153,-0.09151,-1.03371,-0.10654,-0.42117,-0.12448,-0.59876,-0.1524,-0.20954,0.00528,-0.01485,-0.07011,-0.14554,0.03143,-0.00712,0.0,0.0,-0.19825,0.0,0.0,-0.4514,-1.08748,-0.72663,0.09854,-0.17367,-0.15231,-0.57431,-0.1979,-1.41568,-0.42637,-0.57442,0.02705,-0.03222,-0.04109,-0.29205,-0.30779,-0.20775,-0.79614,0.0,0.0,-0.02565
06001404502,0.0005,-0.11293,-0.01326,-0.07193,-0.15977,-0.09151,-1.09465,-0.31403,-0.28225,-0.15288,-0.6209,-0.12,-0.3129,0.01337,-0.07598,-0.07011,-0.14423,0.03143,-0.00712,0.0,0.0,-0.19825,0.0,0.0,-0.4514,-1.18623,-0.1759,0.14522,-0.29857,-0.15231,-0.26537,-0.1979,-1.28854,-0.42637,-0.66307,-0.02922,-0.60497,-0.12151,-0.40087,0.09308,-0.20775,-0.70474,0.0,0.0,-0.02565
06085506900,0.0005,-0.02975,0.00677,-0.07193,-0.09202,-0.04518,-1.07827,-0.07172,0.02293,-0.14385,-0.71508,-0.1366,-0.27787,0.00528,-0.07598,-0.07011,-0.155,0.02889,-0.00712,0.0,0.0,-0.19825,0.0,0.0,-0.43355,-1.06108,-0.72663,-0.11149,-0.25015,-0.15231,-0.57431,-0.1979,-1.64369,-0.42637,-0.66894,-0.02922,0.06865,0.05428,-0.43163,-0.30779,-0.20775,-0.63891,0.0,0.0,-0.02565
06001432400,0.0005,-0.08934,-0.00025,-0.07193,-0.05812,-0.09151,-1.11488,-0.10239,-0.26244,0.02878,-0.54785,-0.12113,-0.20954,-0.03784,-0.07598,0.00843,-0.14423,0.03096,-0.00712,0.0,0.0,-0.19825,0.0,0.0,-0.43355,-0.95738,-0.55931,-0.10902,-0.19218,-0.04663,-0.28703,-0.1979,-1.65489,-0.42637,-0.70333,0.02705,-0.58336,0.05773,-0.27065,-0.30627,-0.20775,-0.79614,0.0,0.0,-0.02565
06075021100,0.0005,-0.11293,-0.05894,-0.07686,-0.09144,-0.04518,-0.37934,-0.26414,0.03685,-0.12448,-0.79225,-0.15583,-0.34538,0.00331,-0.07598,-0.09093,-0.09126,-0.25236,-0.00712,0.0,0.0,-0.12222,0.0,0.0,-0.4514,-1.16008,-0.58716,-0.11208,-0.16703,-0.04663,-0.57431,-0.1979,-1.64634,-0.42637,-0.67933,-0.02922,-0.53094,-0.12151,-0.16921,0.09308,-0.20775,-0.67283,0.0,0.0,-0.02565
06075042700,0.0005,-0.11293,-0.01326,-0.07686,-0.06837,-0.09151,-1.29679,-0.06204,-0.26026,-0.13096,-0.65728,0.00899,0.05947,0.00528,-0.01485,0.00843,-0.13688,0.02521,-0.00712,0.0,0.0,-0.19825,0.0,0.0,-0.4514,-1.11326,-0.62104,-0.27979,-0.13046,-0.04663,-0.59597,-0.1979,-1.51327,-0.42637,-0.67784,-0.02922,-0.53094,-0.13129,-0.18625,0.1458,-0.20775,-0.71649,0.0,0.0,-0.02565
06001423800,0.0005,0.04523,-0.01326,-0.07193,-0.09065,-0.04518,-1.06327,-0.26414,0.02293,-0.12448,-0.60246,-0.12,-0.20954,0.00528,-0.01485,-0.07011,-0.14423,0.02889,-0.00712,0.0,0.0,-0.19825,0.0,0.0,-0.4514,-1.10287,-0.58716,-0.11037,-0.17367,-0.04663,-0.26537,-0.1979,-1.65791,-0.42637,-0.66307,-0.02922,-0.53094,-0.12151,-0.43521,0.09308,-0.20775,-0.86352,0.0,0.0,-0.02565
06001407900,0.0005,0.04523,0.05112,-0.08525,-0.0851,-0.09151,-1.19395,-0.07609,-0.39918,-0.10256,-0.59876,-0.00277,0.04819,0.00528,0.05188,0.00843,-0.14782,0.02889,-0.00712,0.0,0.0,-0.19825,0.0,0.0,-0.4514,-1.0789,-0.76051,-0.06491,-0.17367,-0.15231,-0.59597,-0.1979,-1.63084,-0.42637,-0.61098,0.02705,0.00109,-0.13129,-0.31033,-0.43069,-0.20775,-0.81613,0.0,0.0,-0.02565
06001405000,0.0005,-0.03447,0.00677,-0.05913,-0.08922,-0.09151,-1.0762,-0.00501,-0.39918,-0.10256,-0.59876,-0.10546,-0.27787,0.00528,0.05188,-0.07011,-0.17894,0.02889,-0.00712,0.0,0.0,-0.19825,0.0,0.0,-0.4514,-1.12369,-0.72663,-0.14189,-0.18915,-0.15231,-0.59597,-0.1979,-1.52433,-0.42637,-0.6087,-0.02922,0.00109,-0.12151,-0.43163,0.1458,-0.20775,-0.70474,0.0,0.0,-0.02565
06001406700,0.0005,-0.08934,0.00677,-0.12896,-0.08922,-0.09151,-1.21106,-0.08006,-0.41276,-0.15872,-0.59876,-0.19934,0.04819,0.00528,-0.01485,0.00843,-0.17894,0.02889,-0.00712,0.0,0.0,-0.19825,0.0,0.0,-0.4229,-1.0529,-0.76051,-0.14189,-0.17885,-0.15231,-0.67231,-0.1979,-1.72164,-0.42637,0.31966,-0.02922,0.00109,-0.07174,-0.34022,-0.45562,-0.20775,-0.94918,0.0,0.0,-0.02565
06075042800,0.0004,0.02164,-0.01326,-0.07193,-0.09144,-0.04518,-1.15135,-0.10654,0.03685,-0.15288,-0.65728,-0.1251,-0.27787,0.00528,0.05188,-0.07011,-0.10348,-0.25236,-0.00712,0.0,0.0,-0.12222,0.0,0.0,-0.4514,-1.04924,-0.61343,-0.11208,0.12875,-0.15231,-0.57431,-0.1979,-1.46912,-0.42637,-0.59582,-0.02922,-0.53094,-0.12151,-0.40478,-0.30779,-0.20775,-0.63434,0.0,0.0,-0.02565
06075026003,0.0004,-0.08934,-0.00025,-0.07193,-0.02352,-0.04518,-1.17915,-0.09667,0.03685,0.02878,-0.65728,-0.00688,0.04819,0.00528,0.05188,0.00843,-0.13688,-0.3232,-0.00712,0.0,0.0,-0.12222,0.0,0.0,-0.4514,-1.05473,-0.62104,-0.17929,-0.19218,-0.04663,-0.59597,-0.1979,-1.52412,-0.42637,-0.65216,0.02705,-0.53094,-0.13129,-0.34694,-0.43069,-0.20775,-0.85612,0.0,0.0,-0.02565
06001409800,0.0004,0.02164,-0.01326,-0.05913,-0.01949,-0.09151,-1.24388,-0.07609,-0.39918,-0.13096,-0.54096,-0.00688,0.05947,0.00528,-0.07598,0.00843,-0.14651,0.03096,-0.00712,0.0,0.0,-0.19825,0.0,0.0,-0.4514,-1.03217,-0.6473,0.14949,-0.17594,-0.15231,-0.39479,-0.1979,-1.65399,-0.42637,-0.68093,-0.02922,-0.4873,-0.13129,-0.44404,-0.43069,-0.20775,-0.68138,0.0,0.0,-0.02565
06001407000,0.0004,-0.11293,-0.15049,-0.08525,0.05288,-0.09151,-1.22397,-0.0914,-0.39918,0.0277,-0.54096,-0.22387,-0.27787,0.00528,-0.07598,0.00843,-0.14651,0.03096,-0.00712,0.0,0.0,-0.19825,0.0,0.0,-0.4514,-1.13751,-0.61343,0.14949,-0.15065,-0.15231,-0.39479,-0.1979,-1.65399,-0.42637,-0.70661,-0.02922,-0.4873,-0.05087,-0.45514,0.09243,-0.20775,-0.66173,0.0,0.0,-0.02565
06001405700,0.0004,-0.08934,0.04411,-0.08525,-0.01949,-0.09151,-1.34285,-0.0927,-0.46241,0.02878,-0.03215,-0.00688,0.04819,0.00528,-0.07598,0.00843,-0.1417,0.03096,-0.00712,0.0,0.0,-0.19825,0.0,0.0,-0.4514,-1.0789,-0.6473,0.14949,-0.19218,-0.15231,-0.59597,-0.1979,-1.67343,-0.42637,-0.63936,-0.02922,-0.53815,-0.13129,-0.48954,-0.43069,-0.20775,-0.88351,0.0,0.0,-0.02565
06001400500,0.0003,-0.01088,-0.01326,-0.05913,-0.0851,-0.09151,-1.09534,-0.07479,-0.39918,-0.10256,-0.54096,-0.2889,-0.20954,0.00528,0.05188,-0.07011,-0.10576,0.02889,-0.00712,0.0,0.0,-0.19825,0.0,0.0,-0.4514,-1.0508,-0.58716,-0.10199,-0.17367,-0.04663,-0.59597,-0.1979,-1.57109,-0.42637,-0.66503,-0.02922,-0.53395,-0.13129,-0.45449,0.09243,-0.20775,-0.86352,0.0,0.0,-0.02565
